.gitattributes	110	a21470cee74d56cfd586b36022447b152db1e3595525231a7c414fe6fa7b97fe
.gitignore	220	df462198cb23caffe30eee9dd1321d4110a6c607378dcc82391afd4b9128401c
AGENTS.md	2684	cd0f125f87cbe50e041b2f7d312df359bd576ea76260192f2b0d7cd26f7e3ef0
blender-addon/__init__.py	443	fba91bcd178d5edae3afa154433d13094fb432d35dc3a267ae05a975626c608f
blender-addon/blender_manifest.toml	502	308cab92be505ea26c97c2924eb9041db61357fb56ac636a2cc3686fac77bdd4
blender-addon/blendlib_exporter.py	59395	128e3148be99a3b1dbb1b3f1287afe8c8264211a750bd62cbe0a6a0df5075475
blender-addon/LICENSE	35821	0b383d5a63da644f628d99c33976ea6487ed89aaa59f0b3257992deac1171e6b
blender-addon/README.md	1507	2e4c897fecd419cbb8badab6a0678ab4a6f1ed22bae02ea8b89e903d0b6e5a6d
blender-addon/scripts/create_canonical_fixtures.py	10229	d7394436ef1bc54f7714a5297c589bed85c597fb4982e921dfbaf1bfd360afbb
blender-addon/scripts/export_blendlib.py	988	cb92ea68931bf2cbd8b74f205f3c5da3e4045facdf87982f2bf9d329814b467e
blender-addon/scripts/record_p2_goldens.py	2991	c10be42744031b36b33a64e6b13e214dc934523044439e1fab9e8dd90aa8e947
blender-addon/scripts/verify_p2_descriptor_schema.py	4055	f51ef3e9653401f19bced82b1a2d4226203dd09495b4a8ac2c878ed58ede8cf8
blender-addon/scripts/verify_p2_fixtures.py	6729	fa73909ffde84b6bc95217fb6fe7210f56669f2ba189c171dd77ba4d678b0b8f
blendlib-api-consumer-fixture/build.gradle.kts	137	89041947f1497ae74026ed2ae8851cdc01266d62ea6c4a178f530d4b0f0ca0cb
blendlib-api-consumer-fixture/src/main/java/com/liy/blendlib/fixture/ApiConsumerFixture.java	392	48d11b98aee43c8b98511ac05a000b7dd7b1d38d567cbcd5990ff3c9bc1bf936
blendlib-api-consumer-fixture/src/test/java/com/liy/blendlib/fixture/ApiConsumerFixtureTest.java	353	81860b479f20d8c6dfab46217f5f6549f0302974d56cdf1ccd5088d7e573354b
blendlib-api/build.gradle.kts	51	d8f1a5f7335ab83be94afa9213629c5f450ee9999ae31637aa249e5755af0af4
blendlib-api/src/main/java/com/liy/blendlib/api/BlendAnimationKey.java	1901	9d1678b0c6bb2c9c1678bc42aafd75e11eb464d97614219dfa20aceb8d5198f1
blendlib-api/src/main/java/com/liy/blendlib/api/BlendInstanceKey.java	2560	b9487f3e05a59dd1ead9a1faee4c38cfd630c0745f2f7dad1cd14e3470cce4a2
blendlib-api/src/main/java/com/liy/blendlib/api/BlendModelKey.java	3358	c0987d02695cd4f5f2bafbd31cb05c678d3a0f80d6dbd0f676211aef5a13b3c9
blendlib-api/src/main/java/com/liy/blendlib/api/BlendResourceId.java	3985	098785408b464071b969654f66b71e5b48fb41f42d3b8611bd5bf332a5fc6e95
blendlib-api/src/test/java/com/liy/blendlib/api/ApiSourceBoundaryTest.java	1251	93260d790d18aee831770a97b26f78613e653ef18c93cd2772523f2f1fd58b38
blendlib-api/src/test/java/com/liy/blendlib/api/BlendAnimationKeyTest.java	1526	92ac7478b83396e55385c61b108d30a9ea194919b2f2c5e6b16a53183af8fe83
blendlib-api/src/test/java/com/liy/blendlib/api/BlendInstanceKeyTest.java	1788	0eee86e145bec557b052c02b7ef8b1bb743f41cc86cd84e01b12df6fb7002e13
blendlib-api/src/test/java/com/liy/blendlib/api/BlendModelKeyTest.java	3076	ac47a8e6d2533db3c1a9424641c1cd0f76443542b344da5f4221760ab7bf04d5
blendlib-api/src/test/java/com/liy/blendlib/api/BlendResourceIdTest.java	2035	d76c09fe5ab65d1c9b4e2181392b58596b19c83beb8a9d83d6396bda3577c5de
blendlib-core/build.gradle.kts	1600	a2a797c700bcbea115984a6c90225a8f2e8271b04c0a7ac8eae631f82cb55dcb
blendlib-core/src/main/java/com/liy/blendlib/core/animation/AnimationChannel.java	5104	8a9299c08bfc32ea7d21d3a6f33d14b25ba0ea14e94eb5bb95627b8242a99145
blendlib-core/src/main/java/com/liy/blendlib/core/animation/AnimationClip.java	1239	e6542894e255ad92a1a9a3a711f26401483045957ef53637ca8606d3061060f7
blendlib-core/src/main/java/com/liy/blendlib/core/animation/AnimationPath.java	887	2f8060fd3f1455dd482951d185971007651a549b7c0f83c6de109533dde5a10d
blendlib-core/src/main/java/com/liy/blendlib/core/animation/Interpolation.java	453	c9a08689e025aa11a28cf3dbf332ee69ffb60600a9a5cee0c5627644beef69aa
blendlib-core/src/main/java/com/liy/blendlib/core/animation/runtime/AnimationAdvance.java	729	064740ef5edaa3f54a4683732e9cf5e8a018ba9ea90b87ba98de889acd027bf3
blendlib-core/src/main/java/com/liy/blendlib/core/animation/runtime/AnimationController.java	20327	85797d06cdde968b2f74b0d3708c4e5810cf8b30317b1a98b5c9ed46e0184c85
blendlib-core/src/main/java/com/liy/blendlib/core/animation/runtime/AnimationControllerDefinition.java	5371	bfdc9c6f5d36437dc69bed783026794b78e813d7958118fad645bd24eab18bed
blendlib-core/src/main/java/com/liy/blendlib/core/animation/runtime/AnimationCorrection.java	989	8d3b0d7ce1e0be9435b8b5524ad594c88d069f926a3672ea33aaefafc267f954
blendlib-core/src/main/java/com/liy/blendlib/core/animation/runtime/AnimationCorrectionResult.java	310	aa32d7896a57ffc6993d2d1903bc0e192de840d84ef3372b66a2eea68a611b25
blendlib-core/src/main/java/com/liy/blendlib/core/animation/runtime/AnimationState.java	2883	d2ed9eca60495649117e4c55efd8e6ce8a6d157dc9b9c5b2e5b4d21ceedf4d3e
blendlib-core/src/main/java/com/liy/blendlib/core/animation/runtime/AnimationVisualEvent.java	785	aaa9d7ab7664bac4123830a0bd4df82d31f4fcc2ff8a4d76c1ca7f70a8a2da5f
blendlib-core/src/main/java/com/liy/blendlib/core/animation/runtime/CompiledAnimationChannel.java	3714	ba609841fb51a38ee84aa6f9b69d85819a95844d86f694f2d01936c7812993fb
blendlib-core/src/main/java/com/liy/blendlib/core/animation/runtime/CompiledAnimationClip.java	730	bc3a8661fc2d9b4dfc70baf1336cdcec47404194df2ca302376939eeac1296da
blendlib-core/src/main/java/com/liy/blendlib/core/animation/runtime/CpuSkinnedMesh.java	1878	6e289f452e9faf205b8da4d5eb30b75c5ec306db21edc46a5735a3c2c88be254
blendlib-core/src/main/java/com/liy/blendlib/core/animation/runtime/CpuSkinner.java	5063	1e0d3bc17ebbc9ef4f3ca6b87c8397cb91a391088ac883739e6679971b558a0c
blendlib-core/src/main/java/com/liy/blendlib/core/animation/runtime/LocalPose.java	1394	cd657ae03a1bd2bf252b2f32beb1960eea8cbccdd0046eeb5e382bb95769104c
blendlib-core/src/main/java/com/liy/blendlib/core/animation/runtime/MutableTransform.java	1754	5ea7a3137b1de4d3bdc1e77e35835ac846c5c72227eadb643427cabeda012995
blendlib-core/src/main/java/com/liy/blendlib/core/animation/runtime/NodePalette.java	6592	2227bf2e109865c4d6728349247f4696ea6e835ffb96af7ecbfeef051213e5f9
blendlib-core/src/main/java/com/liy/blendlib/core/animation/runtime/PoseSampler.java	4826	14d7b4293c0901871efa85c10718d606647d1fc45f2881a54aa6a0f56a20901c
blendlib-core/src/main/java/com/liy/blendlib/core/animation/runtime/PreparedSkinnedGeometry.java	3494	bc8ce22129f63ac089cb5f0448701b9d3670cba187850c643848266ea512d339
blendlib-core/src/main/java/com/liy/blendlib/core/animation/runtime/SkinnedMeshTopology.java	3247	b167981281df4d7d71a241b5dfdc156d5bfe3eba67aae6179f3f4b13f5fecce4
blendlib-core/src/main/java/com/liy/blendlib/core/animation/runtime/SkinPalette.java	6425	68788411ddf5a6c7356665d708c510a1279fd4f03e671cd4ed36d3ef24b89a6d
blendlib-core/src/main/java/com/liy/blendlib/core/animation/runtime/SocketWorldTransform.java	1178	281a0d6be80d22f8823cc45363f1f7843d61877ddedcfadf71eb535883195bfc
blendlib-core/src/main/java/com/liy/blendlib/core/asset/AssetBytes.java	1069	e57e19486c107b9161417beac3056d0715f20b99ee98c8416cd9995870687e44
blendlib-core/src/main/java/com/liy/blendlib/core/asset/AssetResolver.java	433	7ccf1d1b0832c1cfaae753fd3b49fb2c606bec8159b9f4bbfbc64abfba09574c
blendlib-core/src/main/java/com/liy/blendlib/core/BlendCoreService.java	665	04c4b4f0d4466404c7cf7d041dc975ed1967c51a9ca0fe11d8bd5c9d3261462a
blendlib-core/src/main/java/com/liy/blendlib/core/descriptor/AnimationDefinition.java	1126	323439157d560a21ee3e01df08e94f296f48e462143415ff70a474c05f64edc9
blendlib-core/src/main/java/com/liy/blendlib/core/descriptor/AnimationEventDefinition.java	573	a90860b61e6f37dc4ab88e63101980ef28818a4503a459176f95b26e76551abd
blendlib-core/src/main/java/com/liy/blendlib/core/descriptor/AnimationStateDefinition.java	1512	36878de9b22bd078a39fb354341d34ed57333674d96c6ba8c0e740f94487bb86
blendlib-core/src/main/java/com/liy/blendlib/core/descriptor/DescriptorDecoder.java	23277	d5712bbdf582c738d206fff8a1d41cef4a81ef3140d60370d6b56ed11603d7c6
blendlib-core/src/main/java/com/liy/blendlib/core/descriptor/MaterialDefinition.java	1724	5661ce6f88e209b3ea71c4984a8e9792bbdc23af3be6d68d5630481e8fa677a6
blendlib-core/src/main/java/com/liy/blendlib/core/descriptor/ModelDescriptor.java	2739	d27daf653d1347ae0c32ef893eb734d02878ecb096d999402d91c0e0edb39ca5
blendlib-core/src/main/java/com/liy/blendlib/core/diagnostic/BlendAssetLoadException.java	755	c4d8938bfc1c46258ef3aca1c8eda500d61830ddcd0f3e58a3ba05175218c7fc
blendlib-core/src/main/java/com/liy/blendlib/core/diagnostic/BlendDiagnostic.java	2406	28e98e269ca500803cc2873d482c3cb7ab6f83337c84b5ace12d70912c054c25
blendlib-core/src/main/java/com/liy/blendlib/core/diagnostic/BlendDiagnosticCodes.java	1272	b5badaca2b295ba31daa51e2666d1799dc9ae930a8ba4fe5b9a8703c5a978021
blendlib-core/src/main/java/com/liy/blendlib/core/diagnostic/DiagnosticSeverity.java	166	58761519fe952abedfd8d478553df543c14e3a7ca8e6571d940f8915609c0e86
blendlib-core/src/main/java/com/liy/blendlib/core/glb/AccessorInfo.java	401	1cf795c8f9f3a44ed7bc504c9203743ccc0a8190bfdcf754b3f8d16ecdd3f6f9
blendlib-core/src/main/java/com/liy/blendlib/core/glb/GlbAccessorReader.java	16999	ce6d3d28a459f8de45cf0862159d2eb8538d2a69353af03b4cb18eff52b89756
blendlib-core/src/main/java/com/liy/blendlib/core/glb/GlbDocument.java	1051	47d86d69778d3e10920c91217188bc551194460b041f69678d613b2e568d1dd8
blendlib-core/src/main/java/com/liy/blendlib/core/glb/GlbReader.java	4988	66e1623b3a854c76cb27585bfe7048d130d04f227e7932f19d57a65dea41beb1
blendlib-core/src/main/java/com/liy/blendlib/core/json/JsonArray.java	430	f466aaf84dc2f6d2bf3d128f5e8ec3ded0c195f61e7b2df0233917468fb46551
blendlib-core/src/main/java/com/liy/blendlib/core/json/JsonBoolean.java	130	63afe6dee844611adcd69c98ef921b1a5c8822b064d4d775d8cbe65e42615fdd
blendlib-core/src/main/java/com/liy/blendlib/core/json/JsonNull.java	124	521c9d14380750ca6df099d1819b342072e9912bb271a85c2dd885d4fb06d6b1
blendlib-core/src/main/java/com/liy/blendlib/core/json/JsonNumber.java	828	7203a002e5fb561285d5637f772b32df9bd44a2aab1a313cf778dd09d86554ca
blendlib-core/src/main/java/com/liy/blendlib/core/json/JsonObject.java	1125	8ab0ae8fb1ab8e71e3e28278e221ff108efe5bf794137c9a93f8092c6445bc8a
blendlib-core/src/main/java/com/liy/blendlib/core/json/JsonString.java	240	88dba9f5fa07d9aff663acd08447811d835de7680f510dad4cb483cd910cf8f6
blendlib-core/src/main/java/com/liy/blendlib/core/json/JsonValue.java	244	1e27c87e0f094499427590108adb935d3f2fa0c3293179008156f7857f7a31cb
blendlib-core/src/main/java/com/liy/blendlib/core/json/StrictJsonParser.java	12067	cb62cb5dbbf89c9a7c3077623cf13359c9c7027b06f3e0d792df8451cfac0ae2
blendlib-core/src/main/java/com/liy/blendlib/core/limits/BlendAssetLimits.java	2516	a447667115705709e6190d008e081fe64956756919555fe82cc8556a6adbf2e1
blendlib-core/src/main/java/com/liy/blendlib/core/loader/LoaderFailure.java	1045	7f1f84ef071fdd723d7db4a8ec5ef486967c0478818b814f07464640f1b7fd2b
blendlib-core/src/main/java/com/liy/blendlib/core/loader/ModelAssetLoader.java	73054	20c2eb2136e3fdee1b2893443ff3455a3f083a1280831ba4b07c9578c70ae5c3
blendlib-core/src/main/java/com/liy/blendlib/core/model/Bounds.java	2147	871a4c244a883de356d8103fc055424d50439a4b718fb17c701138156d6e6456
blendlib-core/src/main/java/com/liy/blendlib/core/model/Matrix4.java	2741	2df70abdb48827257bfb77f881f4208414021898a1eaa6395d9a9f132bc3884f
blendlib-core/src/main/java/com/liy/blendlib/core/model/MeshPrimitive.java	4740	83f8f931ecdf59d3dc327f0b47220409e73f622a36d147389c27555ab7d51465
blendlib-core/src/main/java/com/liy/blendlib/core/model/ModelAsset.java	4930	87fa68c7d5ff78d2497dad97855fa3d92a17893e4d4008e124dfab8f47be29a8
blendlib-core/src/main/java/com/liy/blendlib/core/model/ModelNode.java	1125	e19d416a72d3bb0052e901ababa4737ef9948ffe8bc29480fbc0f646fd09b447
blendlib-core/src/main/java/com/liy/blendlib/core/model/ModelPrimitive.java	504	aa1480b66898eaf8855b7150c9517d4407adcc63b2fd3a11eb5cbd841b798b13
blendlib-core/src/main/java/com/liy/blendlib/core/model/ModelProfile.java	768	c9ba41c84fb33ed21a56b0bf4948a0433353eda7b93659d2c57d9825bf07445e
blendlib-core/src/main/java/com/liy/blendlib/core/model/Quaternion.java	5730	290e42c3dd9973dfa0b0841b99bca7476e05d16f43137d00db570ccb3a0011b0
blendlib-core/src/main/java/com/liy/blendlib/core/model/Skeleton.java	438	7404227f29962ea1cea74739b3f4808a2a9714841cf9248e3ccab5d308be89cb
blendlib-core/src/main/java/com/liy/blendlib/core/model/Skin.java	2327	b11493ccc67e210b234f91c9633d72a16e09efe7e1405bb143eae4006a0e5e85
blendlib-core/src/main/java/com/liy/blendlib/core/model/SocketTable.java	1227	34f4dcbd1cac79eb9265116aafcecd73b76ac69e6ba2b95ba7d1c8f494933b56
blendlib-core/src/main/java/com/liy/blendlib/core/model/Transform.java	3058	d7160b4582a4964fa1e0815a47e36b22e4d60f091ef69cb4a16a0b3dd98106b4
blendlib-core/src/main/java/com/liy/blendlib/core/model/Vec2.java	326	2f81692d7c791b98aca5612437dbfbefdc8721ab03db82e80033882009ab3b0f
blendlib-core/src/main/java/com/liy/blendlib/core/model/Vec3.java	1415	fe23ecabe1ca6c9555eedfdd4c1a8239e816fd72a1ce4cab7bfa496cec6d50a1
blendlib-core/src/test/java/com/liy/blendlib/core/animation/runtime/AnimationControllerTest.java	14211	b649eadec88138c03488fa08190118f4390f8931d6dff7a0b2af86bf7088ee79
blendlib-core/src/test/java/com/liy/blendlib/core/animation/runtime/CanonicalNodePaletteTest.java	5039	81d11047ef9b299b9a36754a49c646a12f49aaf72683f0f53bdd3b0f0e9eb5c7
blendlib-core/src/test/java/com/liy/blendlib/core/animation/runtime/CanonicalP2RuntimeGoldenTest.java	15332	2c0aa2727fa82edd8efb7e5abcee3c1ad14bd900bebc71f095ac56ad77908f9c
blendlib-core/src/test/java/com/liy/blendlib/core/animation/runtime/CpuSkinnerHotPathRegressionTest.java	12050	784a99f01d33137c6eeaf9773e9f2813db6786479d9f20914a8560f2c69d06f6
blendlib-core/src/test/java/com/liy/blendlib/core/animation/runtime/PosePaletteAndSkinningTest.java	6786	3a107ad5b13cb2c901123caa1e5b4e61703522a2987310611b1c38557e5878f7
blendlib-core/src/test/java/com/liy/blendlib/core/animation/runtime/PreparedSkinnedGeometryTest.java	5904	b31b0bfc99049b9742490f76c8bb450dd72a39f70632af55cf28aba531c0a0f7
blendlib-core/src/test/java/com/liy/blendlib/core/animation/runtime/RuntimeHotPathBoundaryTest.java	3839	7457a0cfc887fb71fb760b2a235638358abf1c54fb06ad5233cd28c7a41cfecf
blendlib-core/src/test/java/com/liy/blendlib/core/BlendCoreServiceTest.java	522	3981f5cc77a201640be1151c7433b76733faa7f99bf6f3c42a853366a61c4eab
blendlib-core/src/test/java/com/liy/blendlib/core/CoreSourceBoundaryTest.java	1236	4cde6a0cca0b1adbff7727a5ddfcd39b211062a489d6ad6596c1dc1a28e199be
blendlib-core/src/test/java/com/liy/blendlib/core/CoreValueContractsTest.java	4085	cab4d4ffc0d3c29c57b5627347489713a7ae31125e7c9fce3097629345712de8
blendlib-core/src/test/java/com/liy/blendlib/core/descriptor/DescriptorDecoderTest.java	7784	64ca3cd87f2aae61dcf8cd788459eecd172dea2c3547e611b2c7845133b444ed
blendlib-core/src/test/java/com/liy/blendlib/core/glb/GlbReaderTest.java	1741	0118f828255bdf1ca2522476d38f9216823e80733d572fe46c7ed3fb7ce8a92c
blendlib-core/src/test/java/com/liy/blendlib/core/loader/CanonicalActiveSceneSemanticsTest.java	6660	cf0d5307d72337fd3f998df08a34157452b281fa2ad358947608291b1c5bc04b
blendlib-core/src/test/java/com/liy/blendlib/core/loader/LoaderFuzzSmokeTest.java	4347	4275fe0d76a8b581c905aba356545c16ae136b4825f1179a777643d0a48d0e94
blendlib-core/src/test/java/com/liy/blendlib/core/loader/ModelAssetLoaderTest.java	12680	fb314b7e2f5d833dff5ba783995cf60b36d79a1a123b7055d837b766797ecf09
blendlib-core/src/test/java/com/liy/blendlib/core/loader/PerformanceWarningTest.java	11802	4407822d40b6ad8073f53d1710ca1da561bc5f4391e299a22edfd8394652f98e
blendlib-core/src/test/java/com/liy/blendlib/core/loader/StrictLoaderProductionSafetyTest.java	21228	9ea388526998b027aeba799e9a841a8471a758703ef68e69276911a089554f5b
blendlib-core/src/test/java/com/liy/blendlib/core/testsupport/KhronosDerivedFixtureTest.java	11309	c2c82b2d8ee4de1f10f39e23c5601b33e9cc20c988bbf535de6e3b692e159741
blendlib-core/src/test/java/com/liy/blendlib/core/testsupport/P3FixtureCatalog.java	21636	5081e9f6ed81f96afea7bd6a13fa1eae0d130c064bb0391806ecc2b6285ea25b
blendlib-core/src/test/java/com/liy/blendlib/core/testsupport/P3FixtureCatalogTest.java	6763	bb276c881b1f1d1f498012a843c9e4a9c6ce20327e39f80a0d2ddef3b04e0d31
blendlib-core/src/test/resources/p3/fixtures/descriptors/unknown-top-level-field.json	265	6b4e98d7453c8511158ee81da6a5bb396f8dd88cbb7e93725dc421c83f56a2b9
blendlib-core/src/test/resources/p3/fixtures/descriptors/unsafe-absolute-path.json	233	7bef093681c1a7905b56848a834e84f1daa7e5d38cd1136f193324d679b2ca33
blendlib-core/src/test/resources/p3/fixtures/descriptors/unsafe-file-uri.json	227	ea77326f6a26851d16a61ce7baae1cf00e5b46c30bb0a72e9b644b9ea1484e02
blendlib-core/src/test/resources/p3/fixtures/descriptors/unsafe-network-uri.json	239	c596b7b01b71b3511379a674590ad266df1c703ed864f47348a019487fc438f4
blendlib-core/src/test/resources/p3/fixtures/descriptors/unsafe-parent-path.json	235	23b45a7f19b826d13fa3ca7b85846f5f03a5263beb1589f999904061bfb423a9
blendlib-core/src/test/resources/p3/fixtures/descriptors/unsafe-texture-file-uri.json	228	37626acace4fd440e59e9f2c8c569ee87b930d97eba0b5f26ce3e5d6126a6f06
blendlib-core/src/test/resources/p3/fixtures/descriptors/unsafe-texture-parent-path.json	236	3d56c6cd42201e8d6896b064f30c6a684a6a4a6f79d20334153596476c15ded1
blendlib-core/src/test/resources/p3/fixtures/descriptors/unsupported-format-version.json	233	d2391a19f435754972b4191084eaafd9c11335ef3c3fe5b069ef9bea9203913a
blendlib-core/src/test/resources/p3/fixtures/descriptors/unsupported-profile.json	234	81b918b7bfdde8372105b5635386606ec0c82bc33c3280672877cec94f32d2ca
blendlib-core/src/test/resources/p3/fixtures/descriptors/valid-rigid.json	307	2b4f7d7c0b52d4cac17500513bc27602de9eb6818dc1a790d8208ca309b5c561
blendlib-core/src/test/resources/p3/fixtures/khronos/animated-cube-derived.glb	2560	e859824719696211e7464745710754336c8082436f0bbff127f238213af5d7f4
blendlib-core/src/test/resources/p3/fixtures/khronos/animated-cube-derived.json	392	c51b5e84904a9fc92d3587254d2bbd7dbbb12af6735e63842adb446242ae9eba
blendlib-core/src/test/resources/p3/fixtures/khronos/simple-skin-derived.glb	2808	4f0ad06e0bea0307e5e4beaba2d898c0c8ed65d49842292893d39c401047bfe2
blendlib-core/src/test/resources/p3/fixtures/khronos/simple-skin-derived.json	388	f50f28d501cb03e7490356bde249fa5433a0f221bd6580af4b7ee273cde2be13
blendlib-core/src/test/resources/p3/fixtures/khronos/textures/khronos/animated-cube-derived.png	68	36c907715b80d7cdad0e196256966a3353b771387aefb1116d8769dacc81b675
blendlib-core/src/test/resources/p3/fixtures/khronos/textures/khronos/simple-skin-derived.png	68	36c907715b80d7cdad0e196256966a3353b771387aefb1116d8769dacc81b675
blendlib-core/src/test/resources/p3/fixtures/README.md	1098	b6ed8f14a8b58c2ff94856733287130af24715145b11aebd074845884eb34d4e
blendlib-core/src/test/resources/p5/canonical/canonical-runtime-golden.properties	1843	5aa98690c0a6d6b5fb6d4ef8f4b4ee565a119c5a120e3464cc44b7ef1ca7e434
blendlib-fabric-client/build.gradle.kts	3763	6d038209ad55a623e3c97400c8d95ec7583d49d6aee918c92666e6a49085c4a6
blendlib-fabric-client/src/client/java/com/liy/blendlib/fabric/client/animation/AnimationUpdateBucket.java	682	bfbef51e34433fdacb85432b9e74d4b509fb2d65876e801e40b1a98721a8bc4c
blendlib-fabric-client/src/client/java/com/liy/blendlib/fabric/client/animation/AnimationUpdateBuckets.java	888	84ef3f624994039bfe53514cea2826cb67048fc3a570601ed85a43fd1e99bc19
blendlib-fabric-client/src/client/java/com/liy/blendlib/fabric/client/animation/BoundedPoseCache.java	3555	362dca89fbac7d388d16415f4707519b3865164388c5ed5e0f7ed3b2d67cb702
blendlib-fabric-client/src/client/java/com/liy/blendlib/fabric/client/animation/ClientAnimationInstance.java	2267	a6ed395c5ab9e7a7456fa24425c3bee1a4a557c7937982e653ed1a4ccafd56af
blendlib-fabric-client/src/client/java/com/liy/blendlib/fabric/client/animation/ClientAnimationInstanceRegistry.java	8982	ab28a0a68f09e3a752f573f7958516f45fe9fdf844200b4ad4b88cf00afbc505
blendlib-fabric-client/src/client/java/com/liy/blendlib/fabric/client/animation/ClientAnimationLifecycleBridge.java	3543	25069a4a173d7b1529f6e38c2e2e92ee533faf14ecc9f47567dca9bbea4ba241
blendlib-fabric-client/src/client/java/com/liy/blendlib/fabric/client/animation/ClientAnimationPoseSnapshot.java	2796	2b642b31f2c1138091c903112e859523a250dc906baf91636f91e8185f3944af
blendlib-fabric-client/src/client/java/com/liy/blendlib/fabric/client/animation/event/VisualEventDispatcher.java	1422	8ee73f845d4b7773f5b4161b41a1ba1728df097fe8b4b92110a8cc54f69d1f82
blendlib-fabric-client/src/client/java/com/liy/blendlib/fabric/client/animation/event/VisualEventListener.java	594	1268f15b9369e8f633f1f1518985f3a2b3f80ca6dac4e76da17c4a8ed9ebb718
blendlib-fabric-client/src/client/java/com/liy/blendlib/fabric/client/animation/extract/ClientRigidExtractionBridge.java	4082	912913a30e883ce85764c5d12a2cfa233e51b2373d6d4625ad09c33e2d9f6aeb
blendlib-fabric-client/src/client/java/com/liy/blendlib/fabric/client/animation/extract/ClientSkinnedExtractionBridge.java	5986	97d12f348ca6065b1c089fa6a523242447843927ec92826ff10b952a77e28643
blendlib-fabric-client/src/client/java/com/liy/blendlib/fabric/client/animation/extract/ClientSkinnedExtractionFrame.java	1120	d3a047396d2e8bf685460804b76e2880f8cd9beab96d1139f0a6dea0bf6828b1
blendlib-fabric-client/src/client/java/com/liy/blendlib/fabric/client/animation/extract/SkinnedExtractionRequest.java	835	447335285767f53a6a35a7aa1740f526d20eff5c1ef6a31bdc8fb851135c7a78
blendlib-fabric-client/src/client/java/com/liy/blendlib/fabric/client/animation/PoseCacheKey.java	1010	518ea61831d39badf21a7f6f1840a2198c74db7d1a704290431a2764f823c5d1
blendlib-fabric-client/src/client/java/com/liy/blendlib/fabric/client/animation/PoseCacheMetrics.java	646	f66295a0e343e3a00a58acfb03e0e0d02755359ba1dc1b18b35041fbe8956bad
blendlib-fabric-client/src/client/java/com/liy/blendlib/fabric/client/animation/runtime/SkinnedAnimationRuntime.java	20035	e579f8832621cacaa9326537d3740360cad8a5c2a8c800be9748219d778fb70c
blendlib-fabric-client/src/client/java/com/liy/blendlib/fabric/client/animation/runtime/SkinnedAnimationRuntimeInput.java	2333	f02b4dc07963772c1589bdfb0ad288fb63d2b8714f922ae5c0ba43e7c21946d6
blendlib-fabric-client/src/client/java/com/liy/blendlib/fabric/client/animation/runtime/SkinnedAnimationRuntimeResult.java	769	953673a697f40afcf6452a678c972fac3d40ded5924ebefc6f36068bffbb8913
blendlib-fabric-client/src/client/java/com/liy/blendlib/fabric/client/animation/sync/BlendLibClientAnimationSync.java	536	877da5ea5d684e1d126460c3a3446b9a24c9f956d005cbb3bef9f9889cfe7a23
blendlib-fabric-client/src/client/java/com/liy/blendlib/fabric/client/animation/sync/ClientAnimationCommand.java	531	02e26be02e6ca2ad40e52331a561d33465d02f6017845ceb08c9329f4b7a3db6
blendlib-fabric-client/src/client/java/com/liy/blendlib/fabric/client/animation/sync/ClientAnimationSyncRuntime.java	7549	a5bd8efbd2613ffc032e5fc0aad14b0132404aec5119a96c8502b418015b70d3
blendlib-fabric-client/src/client/java/com/liy/blendlib/fabric/client/animation/sync/ClientAnimationSyncStore.java	5140	ee1463574769b897e5371ea6a4b0099652858e10ab50c5e1a5d727e421a8f3a1
blendlib-fabric-client/src/client/java/com/liy/blendlib/fabric/client/animation/sync/ClientAnimationTarget.java	1045	3954dd94673a177c275f1b9d92489953daf404e198b1b0fe7771e37f67286888
blendlib-fabric-client/src/client/java/com/liy/blendlib/fabric/client/animation/sync/UnknownTargetQueue.java	5280	e6e115a8bce2ee601afb14fda28d548244f9332f6dc491d3b7c1c672d9b56e9e
blendlib-fabric-client/src/client/java/com/liy/blendlib/fabric/client/api/BlendLibClientServices.java	7509	5829548666d2895f8ee6ae527a7006f95a6978a33ff7bd596192e4b6260288e5
blendlib-fabric-client/src/client/java/com/liy/blendlib/fabric/client/api/BlendRenderer.java	2223	11c1df564c53b1fd5c0dddc931161d6b0fab06c2cab70d4bb17664049bd8bee1
blendlib-fabric-client/src/client/java/com/liy/blendlib/fabric/client/api/ClientAnimationRuntimeMetrics.java	1683	f98acaa978c149f2b9cab05faa78c6b89184fa9d3f76cfb16dd65141bba548e0
blendlib-fabric-client/src/client/java/com/liy/blendlib/fabric/client/api/ClientDiagnostic.java	1221	5a26fa9e000378cdc7803506f9cd8a905c24bb68bc11dad652e5d39e269eff57
blendlib-fabric-client/src/client/java/com/liy/blendlib/fabric/client/api/ClientDiagnosticSeverity.java	189	da4374b24b870fa8d5c8fd40bd67d7e9e2c348cda757d66b692a19a1db7cacfc
blendlib-fabric-client/src/client/java/com/liy/blendlib/fabric/client/api/ClientModelLookup.java	490	719d683fb67d14f14985ec2f4f3711918cc0b6ec4bee0bc8b99f17f20d65bb37
blendlib-fabric-client/src/client/java/com/liy/blendlib/fabric/client/api/ClientModelView.java	1263	e850c019f816b8d5397ca14ecec26187c8473feec8819ef4e699cecd35003c99
blendlib-fabric-client/src/client/java/com/liy/blendlib/fabric/client/api/ClientRegistryView.java	1581	db2bd5ae56a05c51429936882433d07b4fc1213ff41b9b4464a98408b2066d77
blendlib-fabric-client/src/client/java/com/liy/blendlib/fabric/client/api/ClientRenderMeasurementService.java	1857	e5636db3a9430e876b35906b5bbeffb2866a6988957aa33c133c822f8fdd8734
blendlib-fabric-client/src/client/java/com/liy/blendlib/fabric/client/api/ClientRenderMeasurementSnapshot.java	1502	ee57d65833a0455810cf1ca008495cbfb2455c8b0ae4e1fdf69e4f7bbccff789
blendlib-fabric-client/src/client/java/com/liy/blendlib/fabric/client/api/RegistryBackedModelLookup.java	3010	c2891213b00ba838d0ea4888bb5a8c83feb3734f8601d6e4c25623aab5d21944
blendlib-fabric-client/src/client/java/com/liy/blendlib/fabric/client/BlendLibClientEntrypoint.java	4290	e300f798e279bdd61b62bae63c15b25f379e2f206fd135bdfaf7068fa6412422
blendlib-fabric-client/src/client/java/com/liy/blendlib/fabric/client/blockentity/BlendBlockEntityRenderer.java	5614	935834abf70c995f55632b84ac24455dfcabd4ee482407fd5b7e9a56f7fda0dd
blendlib-fabric-client/src/client/java/com/liy/blendlib/fabric/client/blockentity/BlendBlockEntityRendererBuilder.java	3545	758bc5acc624c458e2b7dd011463da3d863da8028703e9bcc61c92f80565d41a
blendlib-fabric-client/src/client/java/com/liy/blendlib/fabric/client/blockentity/BlendBlockEntityRenderers.java	1027	89518017c39825132ef87f72f03c02ab96445a707f85013c77f48b5db2a36d66
blendlib-fabric-client/src/client/java/com/liy/blendlib/fabric/client/blockentity/BlendBlockEntityRenderState.java	921	21dcc673d819b46503289cf11db1da52a1ca45d12a4942f5f5743f1a9782d0fb
blendlib-fabric-client/src/client/java/com/liy/blendlib/fabric/client/blockentity/BlendBlockEntitySnapshotFactory.java	661	9671c7bc920f69dfdc0015f001caa1c2e93cd6356f9c7fcf9dbfaa633a263ece
blendlib-fabric-client/src/client/java/com/liy/blendlib/fabric/client/blockentity/BlendBlockEntitySnapshotRequest.java	1305	02994c6af78aaddf9563eb11dce144fb9546d1746c1cc92ab833eea71946ade7
blendlib-fabric-client/src/client/java/com/liy/blendlib/fabric/client/blockentity/StaticRestPoseBlockEntitySnapshotFactory.java	1783	ab85b8360f7405a15ad9eb38d694e561ef9dc848577ecc7e52ac624c7c0ec2b1
blendlib-fabric-client/src/client/java/com/liy/blendlib/fabric/client/blockentity/SyncedSkinnedBlockEntitySnapshotFactory.java	4712	cd0bc15da6c21310e7f458de62f6c0ce9ba1d0c8b2eaddac894088f6546818da
blendlib-fabric-client/src/client/java/com/liy/blendlib/fabric/client/command/ClientDiagnosticsCommandRegistrar.java	6722	c1ca669ceb21101081b0a6f36a37564757125ff5553709b327b7ff5d9505d21a
blendlib-fabric-client/src/client/java/com/liy/blendlib/fabric/client/command/ClientDiagnosticsCommandRegistry.java	4102	cb13d98bf7f0b582bc96d80e3f3d2cec6d859e69d879246726922094c65dcf29
blendlib-fabric-client/src/client/java/com/liy/blendlib/fabric/client/command/ClientDiagnosticsCommandResult.java	2038	7b1976fe34c95ce2ad170949decf89c8183bcee5b253668ecd9c4018b8db94fb
blendlib-fabric-client/src/client/java/com/liy/blendlib/fabric/client/command/ClientDiagnosticsService.java	2412	a848be0e48675059ceeed0e504920e5cd896e9223bd75ce6f79d4a9b82dfa4fa
blendlib-fabric-client/src/client/java/com/liy/blendlib/fabric/client/entity/BlendEntityRenderer.java	5349	f43d05578fe16fafd60d017d1574bcb4c3bb606eba2a2e82bcb649afa66abb93
blendlib-fabric-client/src/client/java/com/liy/blendlib/fabric/client/entity/BlendEntityRendererBuilder.java	8524	6809bbd9ac1220e3230800c4a27a148c8a6ba6e5b0581ae355a7851da35a3309
blendlib-fabric-client/src/client/java/com/liy/blendlib/fabric/client/entity/BlendEntityRenderers.java	978	fa171b32daec0aa60d0338541fd7f2adbb67b248ef907c413a3aa3d874a412c7
blendlib-fabric-client/src/client/java/com/liy/blendlib/fabric/client/entity/BlendEntityRenderState.java	636	0fa167c2251474ba473ffe187bb657e8eccc7cc69f341fffd8a20880d41bcc98
blendlib-fabric-client/src/client/java/com/liy/blendlib/fabric/client/entity/BlendEntitySnapshotFactory.java	611	0c016c834a50df336e69395d7de69d986c5839ce28708e6e5df1e203d38f4d10
blendlib-fabric-client/src/client/java/com/liy/blendlib/fabric/client/entity/BlendEntitySnapshotRequest.java	1510	6ba305a6bb0978b8e6defc2f9aaf80ea47675e81fac5610bd723cf9322afd4f0
blendlib-fabric-client/src/client/java/com/liy/blendlib/fabric/client/entity/EntityCullingBounds.java	3288	216b8f7831e32e6e686d1d091779a176df31a65757b77e1b4e646fd9a1d7dbea
blendlib-fabric-client/src/client/java/com/liy/blendlib/fabric/client/entity/SkinnedAnimationEntitySnapshotFactory.java	7034	f27beeda0e38a13f7203058630cdc4368783a6db9c7c92a1b521398dc5a77d8a
blendlib-fabric-client/src/client/java/com/liy/blendlib/fabric/client/entity/SkinnedAnimationStateSelector.java	591	0cc2eb08cbbb8d505b63a39ffaf8501104b2e036c1ca0d43ec905a6208371b01
blendlib-fabric-client/src/client/java/com/liy/blendlib/fabric/client/entity/SkinnedAnimationVisualEventHandler.java	609	7033bfd67e563578816173405df2511d1740036cacbbdceb7aa13d9c35ae8110
blendlib-fabric-client/src/client/java/com/liy/blendlib/fabric/client/entity/StaticRestPoseEntitySnapshotFactory.java	1665	9020ed9a0eca6cc056fce69249a5a7816bc04c5de9a91f9a5d00b5ccc02384c4
blendlib-fabric-client/src/client/java/com/liy/blendlib/fabric/client/entity/SyncedSkinnedAnimationStateSelector.java	713	67aa5f3ca10898b3af29918cb31223cd2879a4060e213d4dce9454dc75561180
blendlib-fabric-client/src/client/java/com/liy/blendlib/fabric/client/item/BlendLibItemBinding.java	882	6ed555cb89eb87889ab3776b589375e55b595b810dd3c63c37ab49cd483fda4e
blendlib-fabric-client/src/client/java/com/liy/blendlib/fabric/client/item/BlendLibItemModelBindings.java	3454	f2380b2792e12452fc960ca66c209571066db4d21dd8f5264e1f4866024916d2
blendlib-fabric-client/src/client/java/com/liy/blendlib/fabric/client/item/BlendLibItemRenderArgument.java	1279	c16a3d0124f3f78e86fee1e5188011c94bfb0c0f517711a6c7b24383d8084dae
blendlib-fabric-client/src/client/java/com/liy/blendlib/fabric/client/item/BlendLibItemSpecialRenderer.java	3729	c5296a8953c99e89a56cfc6becce1ae7696711b8b24b757a29b181a434f2b091
blendlib-fabric-client/src/client/java/com/liy/blendlib/fabric/client/network/ClientAnimationPayloadReceivers.java	1524	b3e81105034c742c80d06ac60aec4f26d6ae83516af169465d4392f9756180e4
blendlib-fabric-client/src/client/java/com/liy/blendlib/fabric/client/perf/ClientRenderMeasurementCollector.java	4884	132612801d7d66344a9031ab2e4f1b0055ca55f5fc048b54f20c7e86eaada0cf
blendlib-fabric-client/src/client/java/com/liy/blendlib/fabric/client/reload/ClientModelRegistry.java	4651	08d3258ffa1df8ab138fa7d914959966624f657d36467c01a780681a71573789
blendlib-fabric-client/src/client/java/com/liy/blendlib/fabric/client/reload/ClientModelReloadListener.java	18964	e4ef4a43d2b9b4ac5480937aee16762f672fcc9204008303ae51cd65d32dec4f
blendlib-fabric-client/src/client/java/com/liy/blendlib/fabric/client/reload/LoadedModelHandle.java	1258	2091ab5157931ddfb33959e79c09768982d650921aee8d11bbd45472d5a8106f
blendlib-fabric-client/src/client/java/com/liy/blendlib/fabric/client/reload/MissingModelDiagnosticDeduplicator.java	1747	b6c6467c871805742c70297a82f6c855ded27f171ef9ea714da6de093f77c174
blendlib-fabric-client/src/client/java/com/liy/blendlib/fabric/client/reload/MissingModelHandle.java	2290	3ce165a07c5b26085ae3e5b2bfe6abbb12c54769ec92433acfa96a93c08f838f
blendlib-fabric-client/src/client/java/com/liy/blendlib/fabric/client/reload/ModelHandle.java	536	2d8366068d404bbbbf84f94fa761fe56ea354687578fef75febf9e5a371575f2
blendlib-fabric-client/src/client/java/com/liy/blendlib/fabric/client/reload/ModelRegistryGeneration.java	5482	5b5258bf5fccb3d2b97a8e629705dc338f06554491cea6cb93252fb21891eedb
blendlib-fabric-client/src/client/java/com/liy/blendlib/fabric/client/reload/PreparedModelGeneration.java	3581	dbd1d5ec46efec1d562a18012689f9ca9ef465a32f51566a1806a5265196348c
blendlib-fabric-client/src/client/java/com/liy/blendlib/fabric/client/reload/ReloadDiagnosticsReporter.java	12200	e35195f1508d468c93f54772a823f97b868fc92dfd26fc354d2c5a6e82ff7011
blendlib-fabric-client/src/client/java/com/liy/blendlib/fabric/client/reload/ReloadRetentionMetrics.java	2311	75698fc3e0aa7eede85af853d7cd6d06c902e8d0d911f8d8fbff711612436914
blendlib-fabric-client/src/client/java/com/liy/blendlib/fabric/client/render/CullingMetadata.java	401	e5d3d69705be59b1c398f79e7bf62b3a65f5b8db663c1faed1ba94e72f611ab0
blendlib-fabric-client/src/client/java/com/liy/blendlib/fabric/client/render/MaterialMapping.java	1012	3ffcea86c656382bdd0edf9747b0809071e5aa94fd4a2c7a68e6a62300b8053a
blendlib-fabric-client/src/client/java/com/liy/blendlib/fabric/client/render/MaterialRejectionReason.java	699	b4f3856c4d7f4c242012bb61ef7a079c3f614e1e65f51f1d49813ee6536835eb
blendlib-fabric-client/src/client/java/com/liy/blendlib/fabric/client/render/MaterialRenderMapper.java	6785	80ad90f7453147c977f83c3da6df3e19256eb873de022b2094ce5b608c538ade
blendlib-fabric-client/src/client/java/com/liy/blendlib/fabric/client/render/Minecraft2612StaticRigidRenderBackend.java	10057	fedcca8ac94d315ffa95e0be36186823aab6e1dd7226d8f13832a49a348df112
blendlib-fabric-client/src/client/java/com/liy/blendlib/fabric/client/render/MissingModelRenderHandle.java	2950	4de25085896daaddb7169ada94b11a970195706eb0e4b5cf358c8164e19ede71
blendlib-fabric-client/src/client/java/com/liy/blendlib/fabric/client/render/ModelRenderBackend.java	272	7259ab24a4f40c0031ba30ed3aa56f8a3f11b7d1e26316c387b7d1b328ae23d1
blendlib-fabric-client/src/client/java/com/liy/blendlib/fabric/client/render/ModelRenderHandle.java	1655	93beeb74843a37ded666ba6e16539a31f1b967f39ff4baf4252ecf17c50e1be1
blendlib-fabric-client/src/client/java/com/liy/blendlib/fabric/client/render/ModelRenderSnapshot.java	8760	269819ed2c2a0dd911bc232cecfbad30e8f2d3304f2eef912282f2679bf5ed35
blendlib-fabric-client/src/client/java/com/liy/blendlib/fabric/client/render/PreparedRenderPrimitive.java	562	fe0eaafa033c0b9059b01a7853967468f9bba359d7e407553286cfc8dd77784a
blendlib-fabric-client/src/client/java/com/liy/blendlib/fabric/client/render/PreparedSkinnedRenderPrimitive.java	991	e54b662138e9c6255e2fb3cc97376b834b65a97c4eee8f66818d922972d054b5
blendlib-fabric-client/src/client/java/com/liy/blendlib/fabric/client/render/RenderLayer.java	204	b083e75bbd0060e52e7c840c75483d566f64a4e1a565de036c8604d81fddf863
blendlib-fabric-client/src/client/java/com/liy/blendlib/fabric/client/render/RenderMaterial.java	986	ff6ae4dc47a0bbbd29e63ed627513015a979d9624cac0f14b4fd95e29d99418d
blendlib-fabric-client/src/client/java/com/liy/blendlib/fabric/client/render/RenderSubmissionContext.java	548	5d4e796fc85b466100c4027583adde3f530f925b729d8d5610e11daab2a696b3
blendlib-fabric-client/src/client/java/com/liy/blendlib/fabric/client/render/RenderVisibility.java	195	c04ec9f1b9f16632d0dc32ecbb4e3276abc2c8d9a4a9e7319cae46f82119f3d7
blendlib-fabric-client/src/client/java/com/liy/blendlib/fabric/client/render/RigidNodePaletteSnapshot.java	3324	74181addf9eadd2477618b1588dea37c0d7f68cf26f0a1a9b22fa78874b0a43d
blendlib-fabric-client/src/client/java/com/liy/blendlib/fabric/client/render/SkinnedMeshSnapshot.java	4418	62fcb97c348834ef047c25e89c97654d4e0310ee6ab19a4b1b7ee83ac52fbbe6
blendlib-fabric-client/src/client/java/com/liy/blendlib/fabric/client/render/SkinnedRenderHandle.java	6847	1bc91c9418a270df9e9db0cce386d035aeafedaee5652a7b521c1dcba35f1a4d
blendlib-fabric-client/src/client/java/com/liy/blendlib/fabric/client/render/SkinnedRenderSnapshot.java	3674	9dceaf1ab5e32555a02b3132416212bf23a11e9b6e0982387d3de543de66f6fc
blendlib-fabric-client/src/client/java/com/liy/blendlib/fabric/client/render/SkinnedSocketMarkerSubmitter.java	5356	fd3d84db94947f43bfa916e3496cb7a6bc5e954e4dbfee73d1235a381aa60132
blendlib-fabric-client/src/client/java/com/liy/blendlib/fabric/client/render/StaticGeometry.java	4298	321d569b2e76ec76a375453832cf1d268f95227c79929ee63b20157987029636
blendlib-fabric-client/src/client/java/com/liy/blendlib/fabric/client/render/StaticRigidRenderHandle.java	8463	3ec8ec7d8a031d1281ac65a434c3183b0caa8f37a9544c7fbcc2c3286f0a2b9f
blendlib-fabric-client/src/client/java/com/liy/blendlib/fabric/client/render/UnsupportedRenderMaterialException.java	1373	68532f6021e0d2b927f7d98c27f171ac599f7d1d3eb4f86c8612ce7a0c6bbd6f
blendlib-fabric-client/src/main/java/com/liy/blendlib/fabric/BlendFabricResourceIds.java	791	6bd982a713a35cf9943eba8ace98857d07e42a42e4a7e1339359851a1f4a50db
blendlib-fabric-client/src/main/resources/fabric.mod.json	562	5f3f0aa7af4fca82bd858f92e4b409ed07db9587fc6725729d155d0b701f20c9
blendlib-fabric-client/src/test/java/com/liy/blendlib/fabric/client/animation/AnimationUpdateBucketsTest.java	2660	ad3ce2b1efb961f8699f6d59eeb19fc58916f2fe7811ddc4f2015dc7bae98850
blendlib-fabric-client/src/test/java/com/liy/blendlib/fabric/client/animation/BoundedPoseCacheTest.java	7966	51939d90f9cf97c5b05134b31391e298fc27fc5b44b9861869a7fe3c7940b078
blendlib-fabric-client/src/test/java/com/liy/blendlib/fabric/client/animation/ClientAnimationInstanceRegistryTest.java	17897	b8e7e7754956fef900750a5ea308d5b9e0ffc8c40af5f4a89e25964498634d24
blendlib-fabric-client/src/test/java/com/liy/blendlib/fabric/client/animation/ClientAnimationLifecycleBridgeTest.java	6640	c0cb9d35e1683921960e8b134af9163850fbd682d758671f0cfd895a539f9afc
blendlib-fabric-client/src/test/java/com/liy/blendlib/fabric/client/animation/ClientAnimationPoseSnapshotTest.java	6732	98c49de67a89e9d94d4a98d0e86560edfe3489ed49f994a79f5281ccd804fed1
blendlib-fabric-client/src/test/java/com/liy/blendlib/fabric/client/animation/ClientAnimationSourceBoundaryTest.java	4343	a1dec8e2e1502cd858bef922cfd2ba6913cc59c0b0aeb28c442585bf95a14452
blendlib-fabric-client/src/test/java/com/liy/blendlib/fabric/client/animation/ClientAnimationTestFixtures.java	3609	88b85e76ea7adf3dff7584bdfa3031473c46a32a9efb76e00084b0ab502c6a99
blendlib-fabric-client/src/test/java/com/liy/blendlib/fabric/client/animation/event/VisualEventDispatcherTest.java	5444	fbd1493ec89567c8b05461f8ea05d7c4645ca54fd5d3e8a5dcc80de85d5a5c24
blendlib-fabric-client/src/test/java/com/liy/blendlib/fabric/client/animation/event/VisualEventSourceBoundaryTest.java	3214	5a8ab35d630d5a92c785fdd7211f13548501f304c38735350a92f3fa40f30ba6
blendlib-fabric-client/src/test/java/com/liy/blendlib/fabric/client/animation/extract/ClientSkinnedExtractionBridgeTest.java	13419	3f2cdecbf7f14da710a900e7bd908ea34a6945d213a93eff49af4995b55c2e05
blendlib-fabric-client/src/test/java/com/liy/blendlib/fabric/client/animation/runtime/SkinnedAnimationRuntimeSourceBoundaryTest.java	2536	b07b0125f70ace3c2e616a948b770cd3ac3a9ed8434c003490b43d0c7aa954e1
blendlib-fabric-client/src/test/java/com/liy/blendlib/fabric/client/animation/runtime/SkinnedAnimationRuntimeTest.java	27923	90d86575804eb2bc8f03ad7b51362c6f782abbaf740c52eca430fa011ba72cf3
blendlib-fabric-client/src/test/java/com/liy/blendlib/fabric/client/animation/sync/ClientAnimationSyncStoreTest.java	4103	db28b0a8f49b3b0e138dfef307ab74b9cc1df704b780f9c9942648965c1bf7f6
blendlib-fabric-client/src/test/java/com/liy/blendlib/fabric/client/animation/sync/UnknownTargetQueueTest.java	1953	bb8ef3f0452eaa8825994234540dbd666c0c1516b145ba54baa6ac60ea84363b
blendlib-fabric-client/src/test/java/com/liy/blendlib/fabric/client/api/ClientAdapterContractsTest.java	5732	9c57e2d4cb5364ef809f5bf1b1bab34ed998aec33db1152c83a768a2269421ef
blendlib-fabric-client/src/test/java/com/liy/blendlib/fabric/client/BlendLibClientEntrypointLifecycleTest.java	2279	e3395ebf9a9e4c06b3afc7ba6d9a046fd0850280af0e4c3b82cf8821dd6223d5
blendlib-fabric-client/src/test/java/com/liy/blendlib/fabric/client/blockentity/BlendBlockEntityAdapterContractsTest.java	9340	cd6b55947b1ece6a5f9f573540291b1b97d9d815d2e72cb4cf5a790714454744
blendlib-fabric-client/src/test/java/com/liy/blendlib/fabric/client/blockentity/PublicBlockEntityConsumerCompileFixture.java	1126	32c31f54c268081c877a507e68074b916a3012171dc754729b9c915d11c762f3
blendlib-fabric-client/src/test/java/com/liy/blendlib/fabric/client/command/ClientDiagnosticsCommandRegistrarTest.java	2152	6ca44e1b5bd934848b9095415e4e85a1b4f9f8de1236a0467e7e36db36cf2ba8
blendlib-fabric-client/src/test/java/com/liy/blendlib/fabric/client/command/ClientDiagnosticsCommandRegistryTest.java	4750	d587eb700ecd566ee941b70f7ffb9fe6e7648a54b875fa14d9c27099de21985c
blendlib-fabric-client/src/test/java/com/liy/blendlib/fabric/client/entity/EntityAdapterContractsTest.java	12118	12690676db0d1f2c1a1757f1bc565ae36319e1af6d2c7a7be13c582a7f7d573e
blendlib-fabric-client/src/test/java/com/liy/blendlib/fabric/client/entity/PublicEntityConsumerCompileFixture.java	1550	82ff1a210ffdbb5ddbec787fb5e60598edd57c6a8241d4bf7ebad12a2875e66d
blendlib-fabric-client/src/test/java/com/liy/blendlib/fabric/client/item/BlendLibItemAdapterContractsTest.java	6306	68afeb0d2008ad073150a857198024d4324938158b01c7bebfdf8a31a43ee048
blendlib-fabric-client/src/test/java/com/liy/blendlib/fabric/client/network/ClientAnimationPayloadReceiversTest.java	1223	07f3acb77716f8c2cd60f2b9a9745ff5c273f0a80f151ca0a3d666f79c2143cd
blendlib-fabric-client/src/test/java/com/liy/blendlib/fabric/client/perf/ClientRenderMeasurementCollectorTest.java	2537	7741d0c554532616e8c002cfa0460b83c097778e8bd5ff3072e13952141d5bb1
blendlib-fabric-client/src/test/java/com/liy/blendlib/fabric/client/reload/ClientModelRegistryTest.java	5099	677c043a35d056905b53ed049d8f3e01daf7b8b5556f37261f56a8122d900df8
blendlib-fabric-client/src/test/java/com/liy/blendlib/fabric/client/reload/ClientModelReloadListenerTest.java	37913	a7d330feec16d9e0c3d19544b323bad7b811461030a6895f282225a6ae096851
blendlib-fabric-client/src/test/java/com/liy/blendlib/fabric/client/reload/MaterialReloadDiagnosticTest.java	5145	d970fe0762a863f17cf8de79f43cd09f828317a7f23a53753a4170f8e0aaec26
blendlib-fabric-client/src/test/java/com/liy/blendlib/fabric/client/reload/ProfiledRenderHandleReloadTest.java	7797	8bd8e28a2545e84dfc7be092e9d7d705c0ada4cb0b36b443e857deb36acd193f
blendlib-fabric-client/src/test/java/com/liy/blendlib/fabric/client/reload/ShowcaseSkinnedResourcePreparationTest.java	10387	0d19208a0c596a3f3fb8a12e206364ef7e824d3417348ae55857a32ad7d4ad9f
blendlib-fabric-client/src/test/java/com/liy/blendlib/fabric/client/render/MaterialRenderMapperTest.java	9496	2dcf974f7d2e3162dda81e2dafab81bc0fe68fdfb4fabc873ba40c7e083e2627
blendlib-fabric-client/src/test/java/com/liy/blendlib/fabric/client/render/MaterialResolverSeamTest.java	8822	5746624d144be39877766051a302af4d901508e13c41eaaba5100cf455e5e041
blendlib-fabric-client/src/test/java/com/liy/blendlib/fabric/client/render/RenderContractsTest.java	20121	d4e2924ec98ee727d930a21e3d1df185acc30443e6f20d9964b633102d98edf4
blendlib-fabric-client/src/test/java/com/liy/blendlib/fabric/client/render/ShowcaseRigidPulseRuntimeTest.java	6885	4343df814936cffa68480cb7a050315c6307fd5134149e8dfc26e9afa038bf48
blendlib-fabric-client/src/test/java/com/liy/blendlib/fabric/client/render/SkinnedRenderBackendContractsTest.java	20219	00a13386c84d53b006f97ccddd40d73ecdcde5a6a7d07335c9fe7e21521039e7
blendlib-fabric-client/src/test/java/com/liy/blendlib/fabric/FabricMetadataBoundaryTest.java	817	192a615eaa7a70efe91037f09e9db8eb19f1b64bd94ca2df0dd1f40f2adb2f60
blendlib-fabric-common/build.gradle.kts	897	07bfa6743f2ea43c83cde5c3f60d97f60bae6fd2da668ff447e006a78bb5a7c1
blendlib-fabric-common/src/main/java/com/liy/blendlib/fabric/common/animation/BlendAnimations.java	3443	2cfa0a7598fc6f3398b1b0b6b622c465ab699f9b2c713379b332559e0fa012ea
blendlib-fabric-common/src/main/java/com/liy/blendlib/fabric/common/animation/ServerAnimationStateRegistry.java	8248	1cd9601a62f72218422b7ebdb885b0c66ba6449151cd491d7e45a5fe093b57b8
blendlib-fabric-common/src/main/java/com/liy/blendlib/fabric/common/animation/ServerAnimationSyncService.java	9663	142256694e5dd3dae2ce7f2f8343e6e981333e06753f75846bca775a7dd405ab
blendlib-fabric-common/src/main/java/com/liy/blendlib/fabric/common/animation/SyncedAnimationState.java	2296	bd3309a2ebbaed3e46486b6946d0bfe2a171539d148f4501936e2ae400d7c9a8
blendlib-fabric-common/src/main/java/com/liy/blendlib/fabric/common/BlendLibCommonEntrypoint.java	599	cb43da117935260f9430bf8919d647776e132c6c381f5fbf5c1cc7903596da2e
blendlib-fabric-common/src/main/java/com/liy/blendlib/fabric/common/network/AnimationPayloadCodecs.java	1727	33f4f716f6d054543c7986a7f6da6bb7a8e40e260a9758d21080d324d4c6bcf1
blendlib-fabric-common/src/main/java/com/liy/blendlib/fabric/common/network/BlendLibAnimationPayloads.java	854	749331f110203afb0b73baa6bc8f88ec60e01d152d06f3dc4c278bc20d4a7e21
blendlib-fabric-common/src/main/java/com/liy/blendlib/fabric/common/network/BlockEntityAnimationPayload.java	1762	83d8e361c40f9a95d63f9f37a093f03d646d9977d43d17c635196c17f47016cd
blendlib-fabric-common/src/main/java/com/liy/blendlib/fabric/common/network/EntityAnimationPayload.java	1637	0a0855ca300f9c4e9ce52f7a32036d37d401b04db9d2adb9c2891108ffb4a6f9
blendlib-fabric-common/src/test/java/com/liy/blendlib/fabric/common/animation/BlendAnimationsSourceBoundaryTest.java	1068	1a9dc82945b84da503ee494b2d51acdb8cf121222a0094701cff1251cf73067a
blendlib-fabric-common/src/test/java/com/liy/blendlib/fabric/common/animation/ServerAnimationStateRegistryTest.java	3436	032bbabb43fa89c673b67ede0f73196b88cb07ab6c351ef91b2ff465b06167be
blendlib-fabric-common/src/test/java/com/liy/blendlib/fabric/common/animation/ServerAnimationSyncServiceLifecycleTest.java	1174	42bc6a981fcf9b78f19cf2843685dab7d74f8c45edd0b130521c265c113ed6a6
blendlib-fabric-common/src/test/java/com/liy/blendlib/fabric/common/CommonSourceBoundaryTest.java	1254	6c031c78577800393628cecd825f9442ef82d72ab91348c2f480c52e80d6550b
blendlib-fabric-common/src/test/java/com/liy/blendlib/fabric/common/network/AnimationPayloadCodecTest.java	4851	9de8188e76a424de110086d37d7f5d3652a0d5d812d54db82b3ac783199d2c9e
blendlib-fabric-consumer-fixture/build.gradle.kts	1832	901870fd993cb38d568d47795a9c991ab989ae4c582415f09ac56b2d660ebea9
blendlib-fabric-consumer-fixture/src/main/java/com/liy/blendlib/fixture/fabric/FabricConsumerFixture.java	1462	0e4a0211b8589b9aa62641c4b5918738bb5805ab1bb092a6f81a21fa3ad2ae1f
blendlib-fabric-consumer-fixture/src/test/java/com/liy/blendlib/fixture/fabric/FabricConsumerFixtureBoundaryTest.java	2303	b2168e05a72bb969847362191cecfc0bc695f53471fb584ff15743071b38ed71
blendlib-local-maven-consumer-fixture/build.gradle.kts	10875	9e71f3840b9444da069d3928bcd1eced9a4d4d0092a80b9469f076ef45361686
blendlib-local-maven-consumer-fixture/gradle.properties	150	343f8b0e9221f09825cf3ae61c668fce9a88be622203c4c45a7bada0a975f30b
blendlib-local-maven-consumer-fixture/settings.gradle.kts	572	e98eb3003cd885873871854ba83688b924b772a023bdac5007e9218868a48c39
blendlib-local-maven-consumer-fixture/src/main/java/com/liy/blendlib/fixture/localmaven/LocalMavenRcConsumerEntrypoint.java	1104	717b70bfb705e3fa4b040c2fd296ddba5f6c62fb98476b9f8087c4a464c8c692
blendlib-local-maven-consumer-fixture/src/main/resources/fabric.mod.json	581	8a9e5391bd7851779d3472ffebbb95fb934c026edd7b8a03155a6c5afe80d46c
blendlib-local-maven-consumer-fixture/src/test/java/com/liy/blendlib/fixture/localmaven/LocalMavenRcConsumerBoundaryTest.java	1210	580a1702c4d3243086419398c8b7d865386d73970f5a7d90a62f5e1107ac1c1d
blendlib-local-maven-consumer-fixture/src/test/java/com/liy/blendlib/fixture/localmaven/P8CurrentManifestConsumerSmokeContractsTest.java	4520	5dd7d85ae285c3ee30d50894efb621ac5817eb77d45932894282b2389d8928a8
blendlib-showcase/build.gradle.kts	37487	0e4d43fc7c199f9e4be93959b398a47008dc021f1a5a1210381a33dbf10c7d85
blendlib-showcase/src/client/java/com/liy/blendlib/showcase/client/BlendLibShowcaseClientEntrypoint.java	6999	6b1ea349801faac9e5dffe367581839ca16e1cf30bb03c9e6ca52721e77bde8b
blendlib-showcase/src/client/java/com/liy/blendlib/showcase/client/blockentity/ShowcaseAnimatedAltarClientBinding.java	998	37a5b19b525a5f78270c83a5fbad5b520f5c17f1e5262440a179eace29459190
blendlib-showcase/src/client/java/com/liy/blendlib/showcase/client/P7BenchmarkCaptureController.java	22501	d48881adbae0a21e9942d6d441fc319c78f984312907a93d4e87ec34d1102ac9
blendlib-showcase/src/client/java/com/liy/blendlib/showcase/client/P7BenchmarkCaptureStateMachine.java	4527	bd4a287286b1342efc79477ba910373bff77a90b8e6020244acc90f7fd297dd9
blendlib-showcase/src/client/java/com/liy/blendlib/showcase/client/P7BenchmarkClientBinding.java	3786	be175603fb51f49f979a2b6eda9d1ed1dd40b1fe46d203612ffe2c5d930318da
blendlib-showcase/src/client/java/com/liy/blendlib/showcase/client/ShowcaseAnimatedActorStateSchedule.java	1614	78608f1d6b243f5fb32b05f1cef37114dbb3b4e8a7575234f850a96781890314
blendlib-showcase/src/client/java/com/liy/blendlib/showcase/client/ShowcaseSkinnedAnimationBinding.java	2787	21a4b20c573870b250ae76015aa419ba933f8cae0f0b20df4c7ed70e4a0eae0b
blendlib-showcase/src/client/java/com/liy/blendlib/showcase/perf/P7BenchmarkReportWriter.java	9291	ce82bded6328f1e06354bf8a0c4a036f8c79822d928fc40ac4ff3453519affb5
blendlib-showcase/src/client/java/com/liy/blendlib/showcase/perf/P7ClientMeasurementHarness.java	2494	093631cc2cd7ab679c92daf878ace0f83660d1c094973bd5a060af9e94d63eb3
blendlib-showcase/src/main/java/com/liy/blendlib/showcase/BlendLibShowcaseEntrypoint.java	1194	d7477624db128b577b3626274d29e0e3eb890588e9129dc1234d8354af3bde6f
blendlib-showcase/src/main/java/com/liy/blendlib/showcase/block/ShowcaseAnimatedAltarBlock.java	1796	677a59837bb1604e1dfd7bd8fd39d866f95ff24871fbdd5b866fc6102d1ba108
blendlib-showcase/src/main/java/com/liy/blendlib/showcase/block/ShowcaseBlocks.java	1395	9ba3e46145cc72af0c9d9e333b917b157b0b15545ceb01704c66b7977e3f3153
blendlib-showcase/src/main/java/com/liy/blendlib/showcase/blockentity/ShowcaseAnimatedAltarBlockEntity.java	1568	305060039763b241d52cbb0cd041593a9fe09f45ed7f5a790a11491aec7b3f33
blendlib-showcase/src/main/java/com/liy/blendlib/showcase/blockentity/ShowcaseBlockEntities.java	1246	e005cbb0bce334334cac683bad46a9bd096180af195b89b5e115741b7e330c1d
blendlib-showcase/src/main/java/com/liy/blendlib/showcase/blockentity/ShowcaseBlockEntityAnimations.java	392	0441905ae8c7716a9bade4d2ac14ecdb4fa6b310cede3853df8f3f24f9b1dc93
blendlib-showcase/src/main/java/com/liy/blendlib/showcase/entity/P7BenchmarkHostEntity.java	1682	8a70627c8c0f97560f5c834e07c53c2200c3fa18107319b4ab1824fcc9224965
blendlib-showcase/src/main/java/com/liy/blendlib/showcase/entity/P7BenchmarkRigidEntity.java	443	c3b960ad9bdb2cf605dd699864efdd0237770fc2581a35d7730931b01ddc73be
blendlib-showcase/src/main/java/com/liy/blendlib/showcase/entity/P7BenchmarkSkinnedEntity.java	452	29873c67e42cc785d02a400126f5aede5eff3b3f9af27f3c0854aa527868e8de
blendlib-showcase/src/main/java/com/liy/blendlib/showcase/entity/ShowcaseAnimatedActorAttackSchedule.java	1109	cbdd18a4700498071ba391bd07fcae3b3ce77ce864d05c35649aac0425168ad5
blendlib-showcase/src/main/java/com/liy/blendlib/showcase/entity/ShowcaseAnimatedActorEntity.java	2581	e069008398556706cd26d11a8abbc48c9235e4895ef18e37fd4a11b2f9fbf051
blendlib-showcase/src/main/java/com/liy/blendlib/showcase/entity/ShowcaseEntities.java	6819	3e7aef1afdd2c863be479195ac0073848d6ea515b11f760873fe0f0282c55711
blendlib-showcase/src/main/java/com/liy/blendlib/showcase/entity/ShowcaseP5FallbackActorEntity.java	1660	b4af476385b833bff907a543ef88c94fee7f6ff90388e9df7bc215e19b220c53
blendlib-showcase/src/main/java/com/liy/blendlib/showcase/entity/ShowcaseRigidEntity.java	1576	8d3bfd08b7b4a7dcdbcc6c4ddd9bb458657a143ca214d23ba838df892cafe698
blendlib-showcase/src/main/java/com/liy/blendlib/showcase/item/ShowcaseItems.java	1181	efd39ebfbcd4b1a9c33ddaa81f73ec5e2a3eb32535afa4b99f3596849ade5c39
blendlib-showcase/src/main/java/com/liy/blendlib/showcase/perf/P7AllocationObservation.java	717	ef9a1583d2e2c62ea5d09eede67dc0cb90f404517f21c47da778758ccc5dbaf0
blendlib-showcase/src/main/java/com/liy/blendlib/showcase/perf/P7CacheObservation.java	808	221ff32aaf5c73e082b94f50e1156d69b7f54acff13f6244dd1fcc797b40b3a5
blendlib-showcase/src/main/java/com/liy/blendlib/showcase/perf/P7FrameTiming.java	1761	4cda08f92a619bc41b3dc56fff4f02450d12294453761b564e870c23bf55350a
blendlib-showcase/src/main/java/com/liy/blendlib/showcase/perf/P7MeasurementRecord.java	926	1a6ee3872568cb3c7816d4f4dbfe147a6a0f59406efaacc6ded4dea10ee620c2
blendlib-showcase/src/main/java/com/liy/blendlib/showcase/perf/P7MeasurementSession.java	1590	3ddf1bc8ba62f7873ccb008bf13826d0c7d6a1c0426a6dbf7e3fe6b0bd31b8fc
blendlib-showcase/src/main/java/com/liy/blendlib/showcase/perf/P7MeasurementSummary.java	4430	ab5481cfb1135308d7bea74f1549086cd40f8be8e2e1fdf4bcb6a72272e2719f
blendlib-showcase/src/main/java/com/liy/blendlib/showcase/perf/P7MetricPercentiles.java	371	786149560e3e2777343e894aab41fcc9f04aea0b54478d36e869b95821a5d657
blendlib-showcase/src/main/java/com/liy/blendlib/showcase/perf/P7ReferenceAssetGenerator.java	21016	c80f9f21a5d05e6eb4c69291225639926933a6b423508b9ef91f86c8cca47ab2
blendlib-showcase/src/main/java/com/liy/blendlib/showcase/perf/P7ReferenceScenario.java	23501	9eb64a54ca260f4c17307d257f575aa6633609c121d307e2a219e42386c15b4c
blendlib-showcase/src/main/java/com/liy/blendlib/showcase/perf/scene/P7BenchmarkCommands.java	3545	90bc65473c8c0e8838cef571be48c6d9e789e78e27b81c3ff5e4da56aa3b0af9
blendlib-showcase/src/main/java/com/liy/blendlib/showcase/perf/scene/P7BenchmarkScenePlan.java	6580	4665dc982ac08a93844ecfbed85f2055eafeece20bd3ad1ce4b0e39069e66c19
blendlib-showcase/src/main/java/com/liy/blendlib/showcase/perf/scene/P7BenchmarkSceneSpawner.java	5765	9760ee0d3b6596d6964292435aa067deec0d3f2abb4855ccc882dfaba71f6c9a
blendlib-showcase/src/main/resources/assets/blendlib_showcase/blend_models/fixtures/rigid_model.json	698	d5ef584999ed54ce17b798e85d0e31b62b85db89bc4ee5f820c46806a5a8852d
blendlib-showcase/src/main/resources/assets/blendlib_showcase/blend_models/fixtures/skinned_model.json	711	1a2b5c3b38218df1d5f95e1d65efe90ec89edccfe399fd6ce5ac2415fc42d012
blendlib-showcase/src/main/resources/assets/blendlib_showcase/blend_models/fixtures/static_model.json	471	613a53d799af75d2e5223ae8b601f67ad12ebe13105e1c3ad234858dbb50696a
blendlib-showcase/src/main/resources/assets/blendlib_showcase/blend_models/showcase_animation/showcase_actor.json	1412	d2e044e4e2c251e79df95e6f028ae457df76630fe3cde05aa76abaea81353a94
blendlib-showcase/src/main/resources/assets/blendlib_showcase/blockstates/animated_altar.json	96	1ec7abfaf2053b2b58db80b8bc29e374a194d8767802a3c610925031e3961b56
blendlib-showcase/src/main/resources/assets/blendlib_showcase/items/static_rigid_item.json	88	d928af6b44ca607f41a2c883a10abf95a09033e5e58adc83e96f526680b56eb5
blendlib-showcase/src/main/resources/assets/blendlib_showcase/models/block/animated_altar.json	99	739ba34afcea2bcdd06741ea0a853009d60616c0930091a37d1502fa4950ec19
blendlib-showcase/src/main/resources/assets/blendlib_showcase/models3d/fixtures/rigid_model.glb	2740	a2b7f063c8806f3e3eceec2533ed8fe84c91f967ac71c25ca59faf4349a21764
blendlib-showcase/src/main/resources/assets/blendlib_showcase/models3d/fixtures/skinned_model.glb	3416	fe780ca51db01961bf492279ccd46cebc55688cc1ad64e67ce98a87596948db9
blendlib-showcase/src/main/resources/assets/blendlib_showcase/models3d/fixtures/static_model.glb	1248	68747b5c6076728dc1ad367608e9fe5e95c621a2da5ed02271e0fb021a4a365c
blendlib-showcase/src/main/resources/assets/blendlib_showcase/models3d/showcase_animation/showcase_actor.glb	6492	ef6dcd3426341f984367a8598fa7fc159d85da17b8f6709aa3b7f4d183615d53
blendlib-showcase/src/main/resources/assets/blendlib_showcase/p7/reference-scene.json	2064	6e78116154d27dc73ee56bb7aaa3ddbcf0d3f3464bfd88236190164e518090f5
blendlib-showcase/src/main/resources/assets/blendlib_showcase/textures/blendlib/fixtures_rigid_model__rigidsurface.png	258	851035d6863e6aea6a03c7a93d8734872e16918938c6f8b962392c24b25502e1
blendlib-showcase/src/main/resources/assets/blendlib_showcase/textures/blendlib/fixtures_skinned_model__skinnedsurface.png	258	f897760bd5211bececa9d5ee48046856d53b1726663c9ed4d85688fafe26dfb8
blendlib-showcase/src/main/resources/assets/blendlib_showcase/textures/blendlib/fixtures_static_model__staticsurface.png	258	eb52d4f6b65d824104c51dfb2f754e12521d273fdb516fdddd452c7331b59429
blendlib-showcase/src/main/resources/assets/blendlib_showcase/textures/blendlib/showcase_animation/showcase_actor__showcaseanimationsurface.png	262	1110b7c256a8f1100fc659934bfe360340694f98dde0243d37d6fc8dcdba8362
blendlib-showcase/src/main/resources/fabric.mod.json	629	6671d8969baf17fa27fec8f229cb0f343a1534246ecd1e598ee41978ddb76852
blendlib-showcase/src/test/java/com/liy/blendlib/showcase/blockentity/ShowcaseAnimatedAltarContractsTest.java	3720	4da8bf7fc0659db72db95b825edc8eb09208419b7ca18970ff71bcbec75c47ca
blendlib-showcase/src/test/java/com/liy/blendlib/showcase/blockentity/ShowcaseAnimatedAltarResourceContractsTest.java	1947	b51f6d0af86a0ab1d6caaf7218c416b2f23d7fb258e7da5b912b3591f11a3faf
blendlib-showcase/src/test/java/com/liy/blendlib/showcase/entity/ShowcaseP6EntityTriggerContractsTest.java	3940	5de9b8e1b8307dbfed051c3acd22f6c6a797903f7e42eba2197455915a0f8c0a
blendlib-showcase/src/test/java/com/liy/blendlib/showcase/P6IsolatedSyncRunContractsTest.java	4668	581fc7642e1e6983c1d04b3afa47e4ff781ed4d490db78ef8dc2b417d4b69756
blendlib-showcase/src/test/java/com/liy/blendlib/showcase/P8IsolatedSmokeRunContractsTest.java	4792	7ca5b7c5be87290837b05740aa4b947098e2b0ddc4b92b62b5b023ca612ab2d9
blendlib-showcase/src/test/java/com/liy/blendlib/showcase/perf/P7MeasurementPerfTest.java	2808	72710cd6404faf67bb9c05be83c61ef8b75e6147c58e0f9e3d8ed15f1e7018eb
blendlib-showcase/src/test/java/com/liy/blendlib/showcase/perf/P7PerfSourceBoundaryTest.java	9171	5aa16ac6ae2538611ca57a6b20052be23cfc4ffd58e91bcd8214ff8b119c3fa6
blendlib-showcase/src/test/java/com/liy/blendlib/showcase/perf/P7ReferenceAssetGeneratorPerfTest.java	10096	2e74829be3d91277e470f798b9c036833dc93d172e79b10aebe050aa2d933e12
blendlib-showcase/src/test/java/com/liy/blendlib/showcase/perf/P7ReferenceScenarioPerfTest.java	6714	e1f37cf5448b79ad10794bb73994bcc23e33fa853810b6cda66ab75438c1117e
blendlib-showcase/src/test/java/com/liy/blendlib/showcase/perf/scene/P7BenchmarkSceneCommandContractsTest.java	4060	1a0bf098d9eea62c7952cd94f732a45d141ac57dbb7826c61c3bf0893afb49d1
blendlib-showcase/src/test/java/com/liy/blendlib/showcase/perf/scene/P7BenchmarkScenePlanTest.java	3950	f668ad7d617805309f5d57f908b1f8486dd2894e11924826db78582701cbcab7
blendlib-showcase/src/test/java/com/liy/blendlib/showcase/PhaseIsolatedServerSmokeRunContractsTest.java	7481	9da01863cf41e995abf0f7255ef2a7e6ddbc020f0e07868193781cd61c282f29
blendlib-showcase/src/test/java/com/liy/blendlib/showcase/ShowcaseAnimatedActorEntityContractsTest.java	4901	24778c22087864dc096d6de03adbd624b4df5de38897d902f71c1de786a90ac1
blendlib-showcase/src/test/java/com/liy/blendlib/showcase/ShowcaseAnimatedActorStateScheduleTest.java	4936	142daa832ac7a218613f9663e1e3442bbd252bf56866013cc81db4e5388d6b00
blendlib-showcase/src/test/java/com/liy/blendlib/showcase/ShowcaseItemMarkerContractsTest.java	1471	4fe434d63ab2cba75a1c19d54f4ac7b4e303e2792c1f6514f5faf5326aa97e66
blendlib-showcase/src/test/java/com/liy/blendlib/showcase/ShowcaseP5FallbackActorFixtureContractsTest.java	5920	d79104678112f990e52a2aeefafee1e060d22599501e123992b08f42bd68386f
blendlib-showcase/src/test/java/com/liy/blendlib/showcase/ShowcaseRigidEntityContractsTest.java	2706	712889df8b6d67cd9fe155e3204787accd758ab2e921e61c94c57bef746b625b
blendlib-showcase/src/test/java/com/liy/blendlib/showcase/ShowcaseRigidPulseEntityContractsTest.java	1948	01f7dec9d35388a465256589d5551b3560e4dc6f61b6696d8d1fb8fe96b9d2fd
blendlib-showcase/src/test/java/com/liy/blendlib/showcase/ShowcaseSkinnedAnimationContractsTest.java	7645	1fe8547cf362cf2410f25749306190b78f94aafccf009c5c183abedcb77b0186
blendlib-showcase/src/test/java/com/liy/blendlib/showcase/ShowcaseSourceBoundaryTest.java	5776	dc5897f51ee2c14cdbcf401cd6eda3ada8b8d73db8294cd6aa10dda3564888cf
build.gradle.kts	62189	07cfe9ecde9b8710dbfe6d63dcfb83fdcba2f885613b9b03871bbd5aa9407bf0
CHANGELOG.md	332	b06126c5945761accfbbaaecb18996efb9fa6cdece669b02f418e78022f8dd16
docs/adr/ADR-001.md	531	b625523fc0559b5470fd18752846ac3a03e1722bed9188c29092f4bf78a10995
docs/adr/ADR-002.md	462	ebb1fd89eefe6b6d2e0369ef3dfc526b9b2b08d857aedcb3790c88f8c5a6cb31
docs/adr/ADR-003.md	547	53195e01c56b96dab1566050bf7da3ac8e39fbb896015f5a73fecd2764a4106c
docs/adr/ADR-004.md	539	005a3c181fd9e1f26a2a422d3cb8022b5d63ce07572e70f22e085fa8ced47e7e
docs/adr/ADR-005.md	598	d02d038a0a2ac6b1f8324f616ce5ade08340595b48deb37a62ca9ba911e9b717
docs/adr/ADR-006.md	442	72707c984aff7870faa678bbdea4f9cd456bac255f6ae50856d8396eb90cf3ec
docs/adr/ADR-007.md	452	4cc0623a060f79a72ea30b5b9cf522e9fe7fb00031d7ead24d15a2d69e5873b3
docs/adr/ADR-008.md	608	74ca6cc651ba320277174f137cec466f1444213c78f64b6779e19316edee84dd
docs/adr/ADR-009-temporary-extension-license-metadata.md	1471	5990190367e4410ff2f7d347af442a1fce71080609ffc5353e86b85a6310de38
docs/adr/ADR-010-p3-diagnostic-code-assignments.md	1456	4a83b6765a6ea2015eb5ca52bab1b5c88aba95352583b928603dd03f66f26cd1
docs/adr/ADR-011-p3-khronos-fixture-provenance.md	2871	a4110da1bb1afe852440a49253c3c10e342b799cc3195d7ecff1f0ba58c84e78
docs/adr/ADR-012-p3-performance-warning-code.md	1055	0e2a072a96a19255eac2e70748c3f006b17bc54291be83cac3db0917906db422
docs/adr/ADR-013-p4-item-special-model-registration-26-1-2.md	3037	8f9f996594189ad5c9b74dbf921c80472c4cdfe9d00c2d8f9651e4ff8944edea
docs/adr/ADR-014-p4-material-culling-and-emissive-26-1-2.md	7710	ef22011baf198b14487acabf31bbd3c2e4bfe5c95e9bc48cae37bf92b82a4287
docs/adr/ADR-015-p5-active-scene-and-animation-runtime-semantics.md	4373	947fc827adb7360516d4bb8067f3001325c84d410101aaf2f6809c617483fa1a
docs/adr/ADR-016-p7-material-extension-and-public-render-pipeline-revalidation.md	5146	5261743d820e75e792ca4c5c2991d720e42a49c086cc39d7abf46e0e4e0999a1
docs/adr/ADR-017-p7-reference-scene-visibility-semantics.md	5696	c80db8e9f2f1fc30f670379113e6a2a7f4bd4f491be42bbb4c72b10010afbf2d
docs/adr/ADR-018-p5-showcase-schedule-provenance.md	5978	2ac794c3d495be9d97a8000fd813c48265fb94a223a35dbbbe8a3fe598230aae
docs/adr/ADR-019-p4-cutout-single-sided-public-cull-correction.md	5144	1188810629d9bf2a3d1e94e957180e7da82c48f1b723d2eebb61fa826af0dde0
docs/adr/ADR-020-p7-teleport-command-syntax-correction.md	3842	ace1672f6392bece9d7da03cf76c06e3b12ca3ff3af419a1af3a305f1e43f0d7
docs/adr/ADR-021-p6-deferred-receiver-level-epoch-guard.md	3572	12be721298ecbc971d02bd8f00e568d984c666913099cf3c49b601ebba9ba455
docs/adr/README.md	2353	1e9a6efc48565003e8ce856570d91547a8cbb1c327066bb1af08f307c8b659e7
docs/api-stability.md	1500	9e377b1d534bd86db96364e0cdcea877fb354dd035581238e941a708242fd484
docs/architecture.md	13388	3b0e16bc1a20f8874af59076f82001f607a26ed9b2a4b5e0fec03d1bc1416d5f
docs/contract-baseline.md	2795	b159633ac52ec679312683eec23f8720ef39a2c817b68d989e624b8bc0dafce0
docs/design-v1.md	16726	e30960f97f6073a8c445748b64ece7cb59a18b680fc6a78230ea036bbc108e81
docs/error-codes-v1.md	4327	c6d947150abc669f2ac36a426ee324c74f6a3ccf899b59de0bbdc5460a4cc9b2
docs/evidence/isolated-server-harness-p3-p4-p5-p7.md	4208	34011b7382b8556a7bd5a892c92d9e3d0a1c3fc9ccedcffed77f681e1d0309bd
docs/evidence/P0-gate.md	2616	aeadd1737eb92901ba3e11cc686b7139e29d01d02006def4420e570ccaaa8e53
docs/evidence/P0-precheck.md	1172	15d8ce0e874cd4bf07b8cc317ef783dfa93d2b19591c42cee4b0348e622f2c55
docs/evidence/P1-implementation.md	4536	960596d5a5ca192a437e3cc917cb8453a289ae4426518d38477ce790446774d3
docs/evidence/P2-implementation.md	12663	4591468a67e53a74bb2545ceecde3776325ec8f3010805d6c4cd99739c8b5331
docs/evidence/P3-implementation.md	7846	a842faeb265f353b34febda2232c64d40930616249a3fae84cb61337c38b6619
docs/evidence/P3-isolated-server-smoke-2026-07-30.md	3107	3209a4552ff5854c72a67faf0af751ab9ac840330313af5e0bcf8ce352b043e5
docs/evidence/P4-implementation.md	16054	8916bcaa39efd6a71ca25be10907537299bc1b8a14da07df13a715a5e43f8ad0
docs/evidence/P4-isolated-server-smoke-2026-07-30.md	2153	0789ca4a18f086dc4c90df5cbaae41e6c84e1a624dd54ee2edbd0d30ba86d7e8
docs/evidence/P4-manual-client-2026-07-29.md	6600	aa23053c7496d8b31dcede51fe767e48c31528611173c9ffea7728de9a620654
docs/evidence/P4-material-matrix-fixtures.md	4635	17321dbea8a91adc6680da53baa2ece85fa17f91ff1ccea3ba34bc231715cb49
docs/evidence/P4-material-matrix-real-client-2026-07-30.md	22405	b4041dfd1b29a4b5cc2072637d107a08711cf2498ad87f7563015e6207a3c3f3
docs/evidence/P5-canonical-golden-tests.md	2393	ad37a4239f374682e5cd07def1d1356dc5690b5e06eed51b63a473ab94bbcdde
docs/evidence/P5-client-disconnect-crash-remediation.md	10503	889afbf1dc548d5cb86492e8f7e1d8ace242c048b68f4f2223305036e8344dfb
docs/evidence/P5-fixture-preparation.md	2461	c85c506b216bea16c49036e60c01deea5f650dc7507d66e35de6ae40649df62b
docs/evidence/P5-implementation.md	24015	1058cbdd70fe050fc9f2b0fefb85e4f25a76800b6617f588c95021f81804e1a8
docs/evidence/P5-isolated-real-client-2026-07-30.md	16649	7d46de1f0a0d4bb7a24c8fdc51cb61b8719d76c10396a661aa0735b617a07ee2
docs/evidence/P5-isolated-server-smoke-2026-07-30.md	2205	c5df7d6bc9ad1ea00f5667020e56f2f2dd749d58943e12f95dd573c72a899644
docs/evidence/P5-showcase-animation-asset.md	6709	ed932041dfb1a17acbb6b588ed6ccbef9ccb0b845fbcf2b064dbf76c82be1b95
docs/evidence/P5-socket-marker-crash-remediation.md	4550	d914b64e03fc3ca5594d4f27f9625f3680399d41c860a1b91f450c9cd37b3fe1
docs/evidence/P6-deferred-receiver-epoch-investigation.md	2075	a54271b04b896499251a9ea4f4f77dd6b8513c4f641cfb9dc96d18880d600e75
docs/evidence/P6-implementation.md	4690	5d276f81fd0e5db2aad0c0fce5d609af7bd615c05fe27a8c99a878aae9be150a
docs/evidence/P6-isolated-manual-run-2026-07-30.md	5653	1623869a5e1874cf51dd768315b3c2b697eb4b9945fe0f844089e32bbe60eed7
docs/evidence/P7-adr020-host-relief-startup-failure-2026-07-30.md	3690	4d5f64d8e0eacf48a09ce98367e7c23e48696d66a6d00a943516258a1f762b36
docs/evidence/P7-benchmark-scene.md	6659	756d943590d66078afe28bf5583a995cb0e9fa5b9407a8089e25d2702758083e
docs/evidence/P7-implementation.md	11537	cc3a2be490577cdcdd633372dbd78145531a4468249588ed08720f6f567da3e8
docs/evidence/P7-isolated-server-smoke-2026-07-30.md	2332	7cf8eb406d8c960309aef8a6f830d85a7859c39328432b05762e3c178f3d1117
docs/evidence/P7-performance.md	12449	f23a18981bed8ebceacb5a3b0ce9182a264b7456375ae6b733338e98498a6aab
docs/evidence/P8-26.2-spike.md	3779	65af7ecbedec11d3f94e9a7faa19c309f65c96a14fe23620ced22b0cb7fef5b9
docs/evidence/P8-current-artifact-rebind.md	13118	f82826c4f12f18bcbb9ef456c1b2ecf30b79f5e52fdf91ae25a4b4e64b4864b0
docs/evidence/P8-current-manifest-server-consumer-rebind-2026-07-30.md	3120	76f84e763eab8fd2d9c54db0d0192fb43c6cf161169be37863cfe7f0bd01b5f8
docs/evidence/P8-docs-legal.md	4193	cf2424169459ba1c55b53dca73c1da6bdd56a95e0f85dbe700d9c6454049b96d
docs/evidence/P8-isolated-smoke-harness.md	9052	359872d5ae3b09043d2f74c5392813ce78f95ac5ace228e5c94edc7dfcb6e122
docs/evidence/P8-local-maven-consumer-server-smoke.md	4594	9dc6bcd5c7223c1a50297b35e92deb20068899531439bbbcdeca33390aa96813
docs/evidence/P8-rc-artifacts.md	5976	718821b2db72c97bf4bba755ecdbbb8c57bc8de3b0e3b26023d2f63c7e8ac5cb
docs/evidence/P8-showcase-client-startup.md	5224	cbffc11efeae2c36c0a5db57fc57fa0d654528edbaea39c9fb2e6f89b8b5a2f7
docs/evidence/P8-showcase-server-smoke.md	3759	ea8307a67e1a30bc83ee0a2ebe14c57473780c52d6457678c94662055a46b9e8
docs/glb-profile-v1.md	2069	abffffbc9f7d4dffde9fbe64910193edecabdef9dfe9ea3ec2d2eb1224c1b92b
docs/implementation-plan.md	17515	b09e90d335503f4658f11619142f1af555f78b1beda46d59384a790a6fbe5cda
docs/implementation-progress.md	96871	e8de72e2c83d71b90ba28fe965818135e6fb76bda97405c9d4ca2116d7471d2c
docs/manual-client-acceptance-v1.md	13348	0f010dafefb1e29f598b4d25c2cdf43e229e270c16f55c903ccd107871bcafe9
docs/manual-p6-sync-acceptance-v1.md	6569	18a104c4c01d8defd6909ac755c2769665e5a0d3d0ed1a1a77c03851422d2204
docs/README.md	3444	0bfcef0f3218be82e4524daaa3934a05a61113acab915a9a29c1b9f9503eb4cc
docs/release/blender-export-checklist-v1.md	3424	33b76c79304f3e4e59fea5ceef3ad96ef6649a22dff3ebeb707ad63c3c8d1d86
docs/release/developer-tutorial-26.1.2.md	5438	7ece94dd1a2dfc3b4af6b857ed5eb2ea2dde305715f621cfd2b2cfb86eb2b3b2
docs/release/diagnostic-troubleshooting-v1.md	4146	66dadb7b73b0d9c1e13c715b9ca32dbbf5c353b9aecae4177e4ad5d82cd06a68
docs/release/local-license-metadata.md	1577	36cc0adbe7bd4b8b1943d8e0dbc91c7e29185013d347c6f539713449d168947c
docs/release/README.md	2233	524f975e97999fb2b6aa3ba0048789228aa295a5788d1cb2b5f7e50e2a2c1b6d
docs/release/schema-and-api-freeze-v1.md	4291	b5eb9d54ea3ebb068659eddf7282b52cad0a3014323003d17626321d5c4d98b0
docs/release/third-party-license-inventory.md	6144	7f7ecb058b073e3c368794b4c6d0d75b534748232cd7fcd0c68663cd3c22dfc3
docs/source-design-provenance.md	1527	bbc69bc599ba1fc95858bd28acff9fc7f60a6904035df16217e379592cfad673
gradle.properties	291	02338bee4d9b3e6985365da9ea98e6c0e5db1c6e352b3b0b2cd17296366f8beb
gradle/wrapper/gradle-wrapper.jar	48462	497c8c2a7e5031f6aa847f88104aa80a93532ec32ee17bdb8d1d2f67a194a9c7
gradle/wrapper/gradle-wrapper.properties	281	e74d4f107d2feab989b9a041a02e2d2b85567ff48415c9c7add5ecc19abd19f9
gradlew	8656	a5a5c199ba02189ae8c46a334223371a20599d9c298ef65e7540ede4a3f72d59
gradlew.bat	2848	d539676c48b596afda64c963ec8f7ee56c7b3fe7e3b81d1dbe2d1a1e3dd9e9f8
LICENSE-PENDING	793	0910c799ed9b46e09fc97570c1b06c4fe3c1249330354992b738d5dea608e129
README.md	1707	b30aa960fed47dcb5100e3e0c2b269a04bf82883c533749799afb94d345ff645
schemas/blendlib-model-v1.schema.json	4919	2ca3ec1c4f721dc5683521db3293ceb4b9a36bd81bdb9858fce2c3f73673f09b
settings.gradle.kts	518	11eefccf3450b520d23b0b80071149343779475ba395986b0a02ec46db264a07
spikes/fabric-26.2/build.gradle.kts	4079	33d02ace8dbfa77635511a7f4dbf486ae50f0718f24675eac5b2d30aee1add9a
spikes/fabric-26.2/gradle.properties	209	e7b230021eea2d2cf1105c139cdb0490970a74dd6e6ccaa39e32ced2484f2075
spikes/fabric-26.2/settings.gradle.kts	321	6df0853d21291fd8a934746ec50cb584c46a6df0798473920e0f000ebfcec796
spikes/fabric-26.2/src/client/java/com/liy/blendlib/fabric/v262/BlendLib262SpikeClientEntrypoint.java	634	37fe8615867fc3f2cd356c8cddc559ba5f9c62b03c6307f1988fd54336e22708
spikes/fabric-26.2/src/client/java/com/liy/blendlib/fabric/v262/client/V262StaticPreparedHandle.java	8150	261efc32656bf031239beda55d7e9953c7e64ce93f309116f8b6ddc201ffdf80
spikes/fabric-26.2/src/client/java/com/liy/blendlib/fabric/v262/showcase/V262StaticShowcase.java	1015	c3a25f22bb82e3962a96ada401f92a6b6fa5223a5bfaa94c9a785938636668cc
spikes/fabric-26.2/src/main/resources/fabric.mod.json	488	5a88a63cffeb4b9e3d24ec0d1887f7142a2daf3104553c4a6ad78550368c7636
spikes/fabric-26.2/src/test/java/com/liy/blendlib/fabric/v262/showcase/V262StaticShowcaseTest.java	13283	58a79f16817acfbf9906d1b1822f95472c896a3848ba79d23d42e5351e74db5b
test-assets/descriptor-example-v1.json	1259	a65790cedac0c43811c13275664b3a04eeab1c0b21d851017ecb913400e8e18a
test-assets/descriptor-invalid-base-color-dot-segment.json	414	cc1fcb8ccd9c95313bad93c96b3074e0568e4806545feb6b67886def35e1045f
test-assets/descriptor-invalid-base-color-double-slash.json	422	74c8a710cd2be39d34152ddbf34200c415d6d44a0dab2a50154896cde8a310e1
test-assets/descriptor-invalid-base-color-embedded-control.json	419	5880bff271f98725433785609e6697698bd9924a9624a55fc43006853d5936dd
test-assets/descriptor-invalid-base-color-embedded-whitespace.json	419	908b278dd4f137f1f85487f99c37bc5c6ca7c8d216580d04d3fc6881ddc20b8f
test-assets/descriptor-invalid-base-color-leading-whitespace.json	414	3cf2c4dd83490b3acca31665475f7da967013d21e7f3bf7d0aec068871be12d7
test-assets/descriptor-invalid-base-color-parent-segment.json	419	930b71838056762f0a162e428f49cf21825a49b40743672fc83fbaff1d0aa228
test-assets/descriptor-invalid-base-color-terminal-crlf.json	417	62d357d8c941c6993a7323fcb4e7b82d18ac097d9fdbfa151962009243f17d22
test-assets/descriptor-invalid-base-color-terminal-lf.json	415	c733860ce4e47009332089c5f7db3bd86ff1880b80b09e1aa6f65d0fa3454aad
test-assets/descriptor-invalid-base-color-without-png.json	450	1a6a8ee8104e73cb49131c1608e6cf97e03de91108ee6f9a25fa9e51c13abb5f
test-assets/p3-smoke-run/server.properties.template	410	c27111d970628fc3fda82add47efc2e228588d39ed6b8803c667edfdcf225db1
test-assets/p4-resource-packs/malformed-missing-mesh/assets/blendlib_showcase/blend_models/fixtures/static_model.json	453	12af148eefd390fc5bc4e9d90b5d53060ce5642978a9e318f44d423eff8a60b7
test-assets/p4-resource-packs/malformed-missing-mesh/pack.mcmeta	150	71bf27a302fcea76127786b76752df581b5991079aefac9533d6e5535d3f5c89
test-assets/p4-resource-packs/material-matrix/material-matrix-v1.json	7193	a254e2076f8ab80c7e62dadde94678753e31077fca700c47af898ac094cba791
test-assets/p4-resource-packs/material-matrix/README.md	6039	5f97494df92a682958c3e005702b1453f426bfadd0591a8b91a9fb45a034d652
test-assets/p4-resource-packs/material-matrix/rejected-additive-double-sided-emissive/assets/blendlib_showcase/blend_models/fixtures/static_model.json	449	046eacf02f53e6defde34200d2411a008f983b0fb80081eeb1de625b94d685dc
test-assets/p4-resource-packs/material-matrix/rejected-additive-double-sided-emissive/pack.mcmeta	155	1783a92e62f691a9caff5554926e4831d2f0fdcb7ea04da895b7523ded4619dc
test-assets/p4-resource-packs/material-matrix/rejected-additive-double-sided-lit/assets/blendlib_showcase/blend_models/fixtures/static_model.json	450	9fc184ed992a69139de8d533023d9b61ca964544d4abd1862eb1a0128c792011
test-assets/p4-resource-packs/material-matrix/rejected-additive-double-sided-lit/pack.mcmeta	150	5d7a23effeed0fae49a0eb79438c8c41e8e708ea27e5b8448f88613722b0ea1e
test-assets/p4-resource-packs/material-matrix/rejected-additive-single-sided-emissive/assets/blendlib_showcase/blend_models/fixtures/static_model.json	450	da90fded06d8e778e6da56a75fea9a21573a116fb9926168ef0f3f85b6d8ecf4
test-assets/p4-resource-packs/material-matrix/rejected-additive-single-sided-emissive/pack.mcmeta	155	d5b098c677e12109a3961caae13d409453a070645cceb6a2c0790c4725c1d012
test-assets/p4-resource-packs/material-matrix/rejected-additive-single-sided-lit/assets/blendlib_showcase/blend_models/fixtures/static_model.json	451	bfa2fbac93eb6fba6bb76d56fb93084ef21750c73cfc741d6888dec0f873662f
test-assets/p4-resource-packs/material-matrix/rejected-additive-single-sided-lit/pack.mcmeta	150	04bde681ea38db058e6ff94e3bc7322084056f32baf725808a2d9c7cbbf87577
test-assets/p4-resource-packs/material-matrix/rejected-cutout-double-sided-threshold-025-emissive/assets/blendlib_showcase/blend_models/fixtures/static_model.json	479	0582e805a0103d4a49ee5074000e3e8f7cfad76e8de53fcbdceaca67edeb82cc
test-assets/p4-resource-packs/material-matrix/rejected-cutout-double-sided-threshold-025-emissive/pack.mcmeta	167	7caa8634fbc0d0431792c7ce3323a89c74d6f17729d5a27a5c28b18de8ae5cc0
test-assets/p4-resource-packs/material-matrix/rejected-cutout-double-sided-threshold-025-lit/assets/blendlib_showcase/blend_models/fixtures/static_model.json	480	a7df30f0d14538fe71cbe3a40a9d5b06cb4176f3a05bb636be4350be717a1db3
test-assets/p4-resource-packs/material-matrix/rejected-cutout-double-sided-threshold-025-lit/pack.mcmeta	162	0bc910168f7bd1b1650424825c7c52ac919fb955542f2bced09f951d252f972f
test-assets/p4-resource-packs/material-matrix/rejected-opaque-double-sided-emissive/assets/blendlib_showcase/blend_models/fixtures/static_model.json	447	5c93d3e76df2fdf8c6a3d0588cb8a5dd0b6f762e51fb095cda9cb7d92d882dbc
test-assets/p4-resource-packs/material-matrix/rejected-opaque-double-sided-emissive/pack.mcmeta	153	7b0e1f512f2f3422223a535164186c8910efcd87fd7aeec9aa3063eeab359054
test-assets/p4-resource-packs/material-matrix/rejected-opaque-double-sided-lit/assets/blendlib_showcase/blend_models/fixtures/static_model.json	448	84198fab163689e897a87cc01df6be67ed63ad4d74f01e229f0c2bfa564352c9
test-assets/p4-resource-packs/material-matrix/rejected-opaque-double-sided-lit/pack.mcmeta	148	8aa90fb16678e9dac3a8e1b92ae4245a956d1a4e48f9a76d57b7d3429271b6bb
test-assets/p4-resource-packs/material-matrix/rejected-translucent-single-sided-emissive/assets/blendlib_showcase/blend_models/fixtures/static_model.json	453	5ef1929864745f47e16abf8c349eeb4b00e58d7c0f31ef74e5e0cb53665150b7
test-assets/p4-resource-packs/material-matrix/rejected-translucent-single-sided-emissive/pack.mcmeta	158	d6677683109cb913d8b7e1b6357f32dd7d1bc488f77039028f4dd803611b9905
test-assets/p4-resource-packs/material-matrix/rejected-translucent-single-sided-lit/assets/blendlib_showcase/blend_models/fixtures/static_model.json	454	cba73507dfdab9d48bf28fb4c41c3eaaa21e24cfa54d5aaeeed907f6ebb58819
test-assets/p4-resource-packs/material-matrix/rejected-translucent-single-sided-lit/pack.mcmeta	153	8e0faf6265f79ca9c2c631c9a759facf9e67b62f1822b3d2d2b3008ffbddafa9
test-assets/p4-resource-packs/material-matrix/supported-cutout-double-sided-threshold-010-emissive/assets/blendlib_showcase/blend_models/fixtures/static_model.json	478	764446ab9da1c09504e523b44c0c74f34c55fc4cb843dcc1a1f065d476a96d9b
test-assets/p4-resource-packs/material-matrix/supported-cutout-double-sided-threshold-010-emissive/pack.mcmeta	168	b5481d2c632d6c7b36a9037689b5c39de99d85dc947d18dad4a56a6ca158a2bc
test-assets/p4-resource-packs/material-matrix/supported-cutout-double-sided-threshold-010-lit/assets/blendlib_showcase/blend_models/fixtures/static_model.json	479	45f0cfd3c72fc5b83e1e82d82c3689fa471f726cba72d9b4e0d5689e3ed7d80f
test-assets/p4-resource-packs/material-matrix/supported-cutout-double-sided-threshold-010-lit/pack.mcmeta	163	a243bb8e11d2e5b9ac31d09bd95c2a5f82bf27eaa7e1bb5b991b10177bf9f561
test-assets/p4-resource-packs/material-matrix/supported-cutout-single-sided-threshold-010-emissive/assets/blendlib_showcase/blend_models/fixtures/static_model.json	479	d3206aa20b6ab483d91f4c7836122cb1d0a7e25a0cda6329261cd65860f391c7
test-assets/p4-resource-packs/material-matrix/supported-cutout-single-sided-threshold-010-emissive/pack.mcmeta	167	4891a6d719c558ce4b7c41993b1794d92b40b658625f79c4b63d11cae0d2bb74
test-assets/p4-resource-packs/material-matrix/supported-cutout-single-sided-threshold-010-lit/assets/blendlib_showcase/blend_models/fixtures/static_model.json	480	67573ca26338121d6fe193d15f79f33c159822f203e191492eafb8943ebe253f
test-assets/p4-resource-packs/material-matrix/supported-cutout-single-sided-threshold-010-lit/pack.mcmeta	162	3255b6cb7d8dccdc3553290e1b2cc5bf443417225b46763b190c7824eee55b36
test-assets/p4-resource-packs/material-matrix/supported-opaque-single-sided-emissive/assets/blendlib_showcase/blend_models/fixtures/static_model.json	448	659cff720e01a64334abd009cf4d38fa6dfe4408cf9c4db6532af59effe32e72
test-assets/p4-resource-packs/material-matrix/supported-opaque-single-sided-emissive/pack.mcmeta	154	ff93a286bc412c835363b13379e7f60ebee684b04ea61ae1dfb32c03b7140f68
test-assets/p4-resource-packs/material-matrix/supported-opaque-single-sided-lit/assets/blendlib_showcase/blend_models/fixtures/static_model.json	449	daa0fc7b13313cfc6c30d29b927946d7a5ed9a3a900580540a5aaed8327ccfaa
test-assets/p4-resource-packs/material-matrix/supported-opaque-single-sided-lit/pack.mcmeta	149	b0ffc6645b5e95aeca8c6307f6760d88fb096261daae1fe9a7a8f5f0599faa06
test-assets/p4-resource-packs/material-matrix/supported-translucent-double-sided-emissive/assets/blendlib_showcase/blend_models/fixtures/static_model.json	452	9bc206e8257a2d7d2b2e1565fc089e76fe48ddf10b877a426fd97754223fee5e
test-assets/p4-resource-packs/material-matrix/supported-translucent-double-sided-emissive/pack.mcmeta	159	ffb0f9d70041057518a0ddcb9b9ae2bf41344a722e743e8856ac4c4275138f8e
test-assets/p4-resource-packs/material-matrix/supported-translucent-double-sided-lit/assets/blendlib_showcase/blend_models/fixtures/static_model.json	453	86101a122ff61480acbe2933c7dfa85de305996370383793d6f98484decd1dab
test-assets/p4-resource-packs/material-matrix/supported-translucent-double-sided-lit/pack.mcmeta	154	23db80d30dd596db6d36c0cc62f5e5add92e57a53ee17ca844e9922e9df20957
test-assets/p4-resource-packs/material-matrix/verify-material-matrix.py	13878	944884dc723e2472d21a9b71ab6e8314de83e3b0d3508567b9552c43f60e7ee1
test-assets/p4-resource-packs/README.md	4190	99f3a803f76fa7239f12f36c11fa58a3e20ce6d5f5787991b3c7d428bde2d23f
test-assets/p4-resource-packs/valid-override/assets/blendlib_showcase/blend_models/fixtures/static_model.json	450	6e8a0a15e7994ad5f33b759900fbea33bb69838bec560d66b790798480341344
test-assets/p4-resource-packs/valid-override/pack.mcmeta	145	e11fc0847ccb7a0d0c9166f013f3e5eda65b237fbdd3325c31858a831d56ea60
test-assets/p4-resource-packs/verify-p4-resource-packs.ps1	5904	1122cf9d9f77894a4e7dd921dee6b9441817ab24e9f224a3e7b873482f400bd3
test-assets/p4-smoke-run/server.properties.template	413	cab5aeab7bf4d0920e61aaf460c3eab975f6f4ba23d7f728be26758e6437c6aa
test-assets/p5-smoke-run/server.properties.template	413	cb835a3044fb97a684770a045066215c9c1a94aa2065785e1d0c4ba0e4413afe
test-assets/p5/golden-scenarios.json	6037	af5e12ff94a1dd42d6be16db85738de57ac2e6b7b14fb9c6a3a88f4258a34f00
test-assets/p5/manifest.json	6877	1d899cc3c345376caded7fcbe5146104ce20c77afdd5142f1f2e84860be43a77
test-assets/p5/README.md	2177	0c8868b6598f33e64c135c76b828d25c5f6e960ed5d4de3958e74bd92a5996af
test-assets/p5/verify_p5_fixtures.py	16213	c9f679663535ae7e298cda8cd289fe05d4f4190656a642971adab8ad35ccdd43
test-assets/p6-sync-run/server.properties.template	418	3e2e4ddfde9ae65974043bed68346e0ea7051a66c4d62c5bda1f51cb31a20949
test-assets/p7-performance/README.md	1797	7702c992b84261e7edae351a7ccc27fc4839b3c4d03c5d9f72ed68836bb0185c
test-assets/p7-performance/reference-scene.json	2064	6e78116154d27dc73ee56bb7aaa3ddbcf0d3f3464bfd88236190164e518090f5
test-assets/p7-smoke-run/server.properties.template	413	89b7eef89abd9d26c7a97d9110b25fe6d1ae71959b6a4507aaf72aeea3a8c1bc
test-assets/p8-smoke-run/local-maven-consumer-server.properties.template	504	065c489993225351625c8ad4389aa6a5f07905085f6cc0e36441f6390caea436
test-assets/p8-smoke-run/showcase-server.properties.template	475	73b09deeb475564ea345f67233d99f06cd8401e4c49e60e0bba668126887b895
test-assets/README.md	2047	71ff3492c677d93a488bc151d3e4566f7737ccd9cdc063b70cbaf071baab7467
test-assets/rigid/expected.json	490	ceab1df1c49837aaaa42cdd6ba475c357c923383e92488fc1bb28683355ab341
test-assets/rigid/export-report.json	4344	22dfa1f7443a42a8902834e1a7df7b87e7c100dc3506164587118916779b0d3b
test-assets/rigid/golden/sha256.json	607	0110714646b8b1cae67459c4736f6b88d0af547f7177e9d7a200d5258d0f0be3
test-assets/rigid/golden/structure.json	2255	2976860e795f2c8773565eedfb61aad4581a02fb51d36284d8359feb9d1690ed
test-assets/rigid/source.blend	90044	3fc31f2445e0652ecfb43bbb4ed9949260415bf930825f4303c8a369941c82c8
test-assets/rigid/textures/rigid_surface.png	258	851035d6863e6aea6a03c7a93d8734872e16918938c6f8b962392c24b25502e1
test-assets/showcase-animation/create_showcase_animation_asset.py	11626	a7f453466710e03f825b1da2206a990f50edebe86952afd932f27112df03ed2a
test-assets/showcase-animation/expected.json	1653	4ed82e508fb96af8b5966cfe58dded2380a10e2534d435191c71a4f6e43cf808
test-assets/showcase-animation/export_showcase_animation_asset.py	14042	f73dee77331d69394722c525b3346ed6f62c8764d54f76dca50937058e233bb3
test-assets/showcase-animation/export-report.json	28609	626f50f969b0f23122cc5a4f96f5890cba3b77ea6bc44ad28ccb869fd0a9b180
test-assets/showcase-animation/golden/sha256.json	596	967e9281b33028880139ffba696537b053a33458a890f42824477e1715a2607b
test-assets/showcase-animation/golden/structure.json	24575	dc175f746749c193ac13a1626584613dec3db17a1d9aab784370a6f84ddbc380
test-assets/showcase-animation/README.md	2130	8ab5a3b390b60c6a1de21b992754225a31709810322ac55e819986d1fc7db573
test-assets/showcase-animation/source.blend	90065	3ce143f190a2d8eac25df4392fdd0ce3dc61a4c397fc62ba3f1bf7920c857511
test-assets/showcase-animation/textures/showcase_animation_surface.png	262	1110b7c256a8f1100fc659934bfe360340694f98dde0243d37d6fc8dcdba8362
test-assets/showcase-animation/verify_showcase_animation_asset.py	11055	dfe3639c3feb4acde5101abcd62364fb7262309c6dc249ee6a5ac1f8a3fd82c7
test-assets/skinned/expected.json	478	c5cc3a5e3c771a0b72d9ab24207a43023b5a66dcfc7112c8a04c20a44cefac6f
test-assets/skinned/export-report.json	4533	42795bf2ea3548e23dd6858ef74565f53f296a2e63b61f1cfd3e3e0f62986c69
test-assets/skinned/golden/sha256.json	609	418689adb08a37560a895c39c1c29159441e91df48b8d89051670b63b58b4560
test-assets/skinned/golden/structure.json	2379	0491161c6726c1712c2e50de2013dc6aa59aec5c38979ae7b78620e3b84533dc
test-assets/skinned/source.blend	90159	6ff7a9cd92c2506277e0d956b734cdd3443e12a88368f5e1a14e42504b84690b
test-assets/skinned/textures/skinned_surface.png	258	f897760bd5211bececa9d5ee48046856d53b1726663c9ed4d85688fafe26dfb8
test-assets/static/expected.json	678	852e38c5eb85914a3aa4457071168345a99ed0af2124b6cc03b21b2928f69803
test-assets/static/export-report.json	3467	34d0245664a27230177a186cbac2ea85c8176ef8ef4e8b9895f16453995f784e
test-assets/static/golden/sha256.json	608	3a4ee4ff15fc2ac35a6a3beb0c7036cb7b8f230917ea161c85c0fafdd9e08bb4
test-assets/static/golden/structure.json	1497	b196bfb01da74d198f0eaa718d07f72726d84ae86d630dfb94b3db2351dcf14c
test-assets/static/source.blend	89387	2fdb932168a8ed3af41e7d05614da63ee86947f6db6aa771b8bd653877f71106
test-assets/static/textures/static_surface.png	258	eb52d4f6b65d824104c51dfb2f754e12521d273fdb516fdddd452c7331b59429
test-assets/third_party/khronos/glTF-Sample-Assets/5109ab2a499c5a2c784b86e460fa491d52256e25/DERIVATION-MANIFEST.json	5844	35f63815a9487bc3c4fd08d107cc708a5898ad38d91577c83423379aaabb96ab
test-assets/third_party/khronos/glTF-Sample-Assets/5109ab2a499c5a2c784b86e460fa491d52256e25/derive_khronos_v1.py	18820	a8fbfa6f7f139162db3ee53b56d20289c8c408b07fe96938db6cea9b8edaa3af
test-assets/third_party/khronos/glTF-Sample-Assets/5109ab2a499c5a2c784b86e460fa491d52256e25/derived/AnimatedCube/animated-cube-derived.glb	2560	e859824719696211e7464745710754336c8082436f0bbff127f238213af5d7f4
test-assets/third_party/khronos/glTF-Sample-Assets/5109ab2a499c5a2c784b86e460fa491d52256e25/derived/AnimatedCube/animated-cube-derived.json	392	c51b5e84904a9fc92d3587254d2bbd7dbbb12af6735e63842adb446242ae9eba
test-assets/third_party/khronos/glTF-Sample-Assets/5109ab2a499c5a2c784b86e460fa491d52256e25/derived/SimpleSkin/simple-skin-derived.glb	2808	4f0ad06e0bea0307e5e4beaba2d898c0c8ed65d49842292893d39c401047bfe2
test-assets/third_party/khronos/glTF-Sample-Assets/5109ab2a499c5a2c784b86e460fa491d52256e25/derived/SimpleSkin/simple-skin-derived.json	388	f50f28d501cb03e7490356bde249fa5433a0f221bd6580af4b7ee273cde2be13
test-assets/third_party/khronos/glTF-Sample-Assets/5109ab2a499c5a2c784b86e460fa491d52256e25/derived/textures/khronos/animated-cube-derived.png	68	36c907715b80d7cdad0e196256966a3353b771387aefb1116d8769dacc81b675
test-assets/third_party/khronos/glTF-Sample-Assets/5109ab2a499c5a2c784b86e460fa491d52256e25/derived/textures/khronos/simple-skin-derived.png	68	36c907715b80d7cdad0e196256966a3353b771387aefb1116d8769dacc81b675
test-assets/third_party/khronos/glTF-Sample-Assets/5109ab2a499c5a2c784b86e460fa491d52256e25/PROVENANCE.md	4841	591b02b3cbfbe3c2252e30c705edc606d00dab7b0fc6dad88e87a3d7ddd50e74
test-assets/third_party/khronos/glTF-Sample-Assets/5109ab2a499c5a2c784b86e460fa491d52256e25/raw/AnimatedCube/glTF/AnimatedCube.bin	1860	82de770fc82b48a77a33bb26abd4d7e75620491b36ddf98e8dca69fa73dd798c
test-assets/third_party/khronos/glTF-Sample-Assets/5109ab2a499c5a2c784b86e460fa491d52256e25/raw/AnimatedCube/glTF/AnimatedCube.gltf	4991	59a3c451a5167b8ac4b59d61d4b94b2b7a215ee827efaed75629677a1217b552
test-assets/third_party/khronos/glTF-Sample-Assets/5109ab2a499c5a2c784b86e460fa491d52256e25/raw/SimpleSkin/glTF/SimpleSkin_animation.bin	240	ff21b1bc3d0abbe53f7665060ec6c22d873b6e85a7669171a2b6b8ae01c39347
test-assets/third_party/khronos/glTF-Sample-Assets/5109ab2a499c5a2c784b86e460fa491d52256e25/raw/SimpleSkin/glTF/SimpleSkin_geometry.bin	168	35f0ca6bc07976c0aadc163d4737758989cfcc9870a99800004c4478fe698b63
test-assets/third_party/khronos/glTF-Sample-Assets/5109ab2a499c5a2c784b86e460fa491d52256e25/raw/SimpleSkin/glTF/SimpleSkin_inverseBindMatrices.bin	128	5844ab221cd2ad367420a248f6387b46e5f8498604427730a37ee96b4d4ec599
test-assets/third_party/khronos/glTF-Sample-Assets/5109ab2a499c5a2c784b86e460fa491d52256e25/raw/SimpleSkin/glTF/SimpleSkin_skinningData.bin	320	413bc8a8c0da673df767874e6f05f0b00c9261756a08586b9d555bd5535414b5
test-assets/third_party/khronos/glTF-Sample-Assets/5109ab2a499c5a2c784b86e460fa491d52256e25/raw/SimpleSkin/glTF/SimpleSkin.gltf	2386	8d92e9888340eb98e82a65a1f8b037d9a1d9f09e5fd0b6ba6d40fd93700b3239