relative_path	source	category	size_bytes	sha256
.gitattributes	tracked	resource	110	A21470CEE74D56CFD586B36022447B152DB1E3595525231A7C414FE6FA7B97FE
.gitignore	tracked	resource	220	DF462198CB23CAFFE30EEE9DD1321D4110A6C607378DCC82391AFD4B9128401C
AGENTS.md	tracked	docs	2684	CD0F125F87CBE50E041B2F7D312DF359BD576EA76260192F2B0D7CD26F7E3EF0
blender-addon/__init__.py	tracked	tool	443	FBA91BCD178D5EDAE3AFA154433D13094FB432D35DC3A267AE05A975626C608F
blender-addon/blender_manifest.toml	tracked	tool	502	308CAB92BE505EA26C97C2924EB9041DB61357FB56AC636A2CC3686FAC77BDD4
blender-addon/blendlib_exporter.py	tracked	tool	59395	128E3148BE99A3B1DBB1B3F1287AFE8C8264211A750BD62CBE0A6A0DF5075475
blender-addon/LICENSE	tracked	tool	35821	0B383D5A63DA644F628D99C33976EA6487ED89AAA59F0B3257992DEAC1171E6B
blender-addon/README.md	tracked	tool	1507	2E4C897FECD419CBB8BADAB6A0678AB4A6F1ED22BAE02EA8B89E903D0B6E5A6D
blender-addon/scripts/create_canonical_fixtures.py	tracked	tool	10229	D7394436EF1BC54F7714A5297C589BED85C597FB4982E921DFBAF1BFD360AFBB
blender-addon/scripts/export_blendlib.py	tracked	tool	988	CB92EA68931BF2CBD8B74F205F3C5DA3E4045FACDF87982F2BF9D329814B467E
blender-addon/scripts/record_p2_goldens.py	tracked	tool	2991	C10BE42744031B36B33A64E6B13E214DC934523044439E1FAB9E8DD90AA8E947
blender-addon/scripts/verify_p2_descriptor_schema.py	tracked	tool	4055	F51EF3E9653401F19BCED82B1A2D4226203DD09495B4A8AC2C878ED58EDE8CF8
blender-addon/scripts/verify_p2_fixtures.py	tracked	tool	6729	FA73909FFDE84B6BC95217FB6FE7210F56669F2BA189C171DD77BA4D678B0B8F
blendlib-api-consumer-fixture/build.gradle.kts	tracked	build	137	89041947F1497AE74026ED2AE8851CDC01266D62EA6C4A178F530D4B0F0CA0CB
blendlib-api-consumer-fixture/src/main/java/com/liy/blendlib/fixture/ApiConsumerFixture.java	tracked	production	392	48D11B98AEE43C8B98511AC05A000B7DD7B1D38D567CBCD5990FF3C9BC1BF936
blendlib-api-consumer-fixture/src/test/java/com/liy/blendlib/fixture/ApiConsumerFixtureTest.java	tracked	test	353	81860B479F20D8C6DFAB46217F5F6549F0302974D56CDF1CCD5088D7E573354B
blendlib-api/build.gradle.kts	tracked	build	51	D8F1A5F7335AB83BE94AFA9213629C5F450EE9999AE31637AA249E5755AF0AF4
blendlib-api/src/main/java/com/liy/blendlib/api/BlendAnimationKey.java	untracked	production	1901	9D1678B0C6BB2C9C1678BC42AAFD75E11EB464D97614219DFA20ACEB8D5198F1
blendlib-api/src/main/java/com/liy/blendlib/api/BlendInstanceKey.java	untracked	production	2560	B9487F3E05A59DD1EAD9A1FAEE4C38CFD630C0745F2F7DAD1CD14E3470CCE4A2
blendlib-api/src/main/java/com/liy/blendlib/api/BlendModelKey.java	untracked	production	3358	C0987D02695CD4F5F2BAFBD31CB05C678D3A0F80D6DBD0F676211AEF5A13B3C9
blendlib-api/src/main/java/com/liy/blendlib/api/BlendResourceId.java	tracked	production	3985	098785408B464071B969654F66B71E5B48FB41F42D3B8611BD5BF332A5FC6E95
blendlib-api/src/test/java/com/liy/blendlib/api/ApiSourceBoundaryTest.java	tracked	test	1251	93260D790D18AEE831770A97B26F78613E653EF18C93CD2772523F2F1FD58B38
blendlib-api/src/test/java/com/liy/blendlib/api/BlendAnimationKeyTest.java	untracked	test	1526	92AC7478B83396E55385C61B108D30A9EA194919B2F2C5E6B16A53183AF8FE83
blendlib-api/src/test/java/com/liy/blendlib/api/BlendInstanceKeyTest.java	untracked	test	1788	0EEE86E145BEC557B052C02B7EF8B1BB743F41CC86CD84E01B12DF6FB7002E13
blendlib-api/src/test/java/com/liy/blendlib/api/BlendModelKeyTest.java	untracked	test	3076	AC47A8E6D2533DB3C1A9424641C1CD0F76443542B344DA5F4221760AB7BF04D5
blendlib-api/src/test/java/com/liy/blendlib/api/BlendResourceIdTest.java	tracked	test	2035	D76C09FE5AB65D1C9B4E2181392B58596B19C83BEB8A9D83D6396BDA3577C5DE
blendlib-core/build.gradle.kts	tracked	build	1600	A2A797C700BCBEA115984A6C90225A8F2E8271B04C0A7AC8EAE631F82CB55DCB
blendlib-core/src/main/java/com/liy/blendlib/core/animation/AnimationChannel.java	untracked	production	5104	8A9299C08BFC32EA7D21D3A6F33D14B25BA0EA14E94EB5BB95627B8242A99145
blendlib-core/src/main/java/com/liy/blendlib/core/animation/AnimationClip.java	untracked	production	1239	E6542894E255AD92A1A9A3A711F26401483045957EF53637CA8606D3061060F7
blendlib-core/src/main/java/com/liy/blendlib/core/animation/AnimationPath.java	untracked	production	887	2F8060FD3F1455DD482951D185971007651A549B7C0F83C6DE109533DDE5A10D
blendlib-core/src/main/java/com/liy/blendlib/core/animation/Interpolation.java	untracked	production	453	C9A08689E025AA11A28CF3DBF332EE69FFB60600A9A5CEE0C5627644BEEF69AA
blendlib-core/src/main/java/com/liy/blendlib/core/animation/runtime/AnimationAdvance.java	untracked	production	729	064740EF5EDAA3F54A4683732E9CF5E8A018BA9EA90B87BA98DE889ACD027BF3
blendlib-core/src/main/java/com/liy/blendlib/core/animation/runtime/AnimationController.java	untracked	production	20327	85797D06CDDE968B2F74B0D3708C4E5810CF8B30317B1A98B5C9ED46E0184C85
blendlib-core/src/main/java/com/liy/blendlib/core/animation/runtime/AnimationControllerDefinition.java	untracked	production	5371	BFDC9C6F5D36437DC69BED783026794B78E813D7958118FAD645BD24EAB18BED
blendlib-core/src/main/java/com/liy/blendlib/core/animation/runtime/AnimationCorrection.java	untracked	production	989	8D3B0D7CE1E0BE9435B8B5524AD594C88D069F926A3672EA33AAEFAFC267F954
blendlib-core/src/main/java/com/liy/blendlib/core/animation/runtime/AnimationCorrectionResult.java	untracked	production	310	AA32D7896A57FFC6993D2D1903BC0E192DE840D84EF3372B66A2EEA68A611B25
blendlib-core/src/main/java/com/liy/blendlib/core/animation/runtime/AnimationState.java	untracked	production	2883	D2ED9ECA60495649117E4C55EFD8E6CE8A6D157DC9B9C5B2E5B4D21CEEDF4D3E
blendlib-core/src/main/java/com/liy/blendlib/core/animation/runtime/AnimationVisualEvent.java	untracked	production	785	AAA9D7AB7664BAC4123830A0BD4DF82D31F4FCC2FF8A4D76C1CA7F70A8A2DA5F
blendlib-core/src/main/java/com/liy/blendlib/core/animation/runtime/CompiledAnimationChannel.java	untracked	production	3714	BA609841FB51A38EE84AA6F9B69D85819A95844D86F694F2D01936C7812993FB
blendlib-core/src/main/java/com/liy/blendlib/core/animation/runtime/CompiledAnimationClip.java	untracked	production	730	BC3A8661FC2D9B4DFC70BAF1336CDCEC47404194DF2CA302376939EEAC1296DA
blendlib-core/src/main/java/com/liy/blendlib/core/animation/runtime/CpuSkinnedMesh.java	untracked	production	1878	6E289F452E9FAF205B8DA4D5EB30B75C5EC306DB21EDC46A5735A3C2C88BE254
blendlib-core/src/main/java/com/liy/blendlib/core/animation/runtime/CpuSkinner.java	untracked	production	5063	1E0D3BC17EBBC9EF4F3CA6B87C8397CB91A391088AC883739E6679971B558A0C
blendlib-core/src/main/java/com/liy/blendlib/core/animation/runtime/LocalPose.java	untracked	production	1394	CD657AE03A1BD2BF252B2F32BEB1960EEA8CBCCDD0046EEB5E382BB95769104C
blendlib-core/src/main/java/com/liy/blendlib/core/animation/runtime/MutableTransform.java	untracked	production	1754	5EA7A3137B1DE4D3BDC1E77E35835AC846C5C72227EADB643427CABEDA012995
blendlib-core/src/main/java/com/liy/blendlib/core/animation/runtime/NodePalette.java	untracked	production	6592	2227BF2E109865C4D6728349247F4696EA6E835FFB96AF7ECBFEEF051213E5F9
blendlib-core/src/main/java/com/liy/blendlib/core/animation/runtime/PoseSampler.java	untracked	production	4826	14D7B4293C0901871EFA85C10718D606647D1FC45F2881A54AA6A0F56A20901C
blendlib-core/src/main/java/com/liy/blendlib/core/animation/runtime/PreparedSkinnedGeometry.java	untracked	production	3494	BC8CE22129F63AC089CB5F0448701B9D3670CBA187850C643848266EA512D339
blendlib-core/src/main/java/com/liy/blendlib/core/animation/runtime/SkinnedMeshTopology.java	untracked	production	3247	B167981281DF4D7D71A241B5DFDC156D5BFE3EBA67AAE6179F3F4B13F5FECCE4
blendlib-core/src/main/java/com/liy/blendlib/core/animation/runtime/SkinPalette.java	untracked	production	6425	68788411DDF5A6C7356665D708C510A1279FD4F03E671CD4ED36D3EF24B89A6D
blendlib-core/src/main/java/com/liy/blendlib/core/animation/runtime/SocketWorldTransform.java	untracked	production	1178	281A0D6BE80D22F8823CC45363F1F7843D61877DDEDCFADF71EB535883195BFC
blendlib-core/src/main/java/com/liy/blendlib/core/asset/AssetBytes.java	untracked	production	1069	E57E19486C107B9161417BEAC3056D0715F20B99EE98C8416CD9995870687E44
blendlib-core/src/main/java/com/liy/blendlib/core/asset/AssetResolver.java	untracked	production	433	7CCF1D1B0832C1CFAAE753FD3B49FB2C606BEC8159B9F4BBFBC64ABFBA09574C
blendlib-core/src/main/java/com/liy/blendlib/core/BlendCoreService.java	tracked	production	665	04C4B4F0D4466404C7CF7D041DC975ED1967C51A9CA0FE11D8BD5C9D3261462A
blendlib-core/src/main/java/com/liy/blendlib/core/descriptor/AnimationDefinition.java	untracked	production	1126	323439157D560A21EE3E01DF08E94F296F48E462143415FF70A474C05F64EDC9
blendlib-core/src/main/java/com/liy/blendlib/core/descriptor/AnimationEventDefinition.java	untracked	production	573	A90860B61E6F37DC4AB88E63101980EF28818A4503A459176F95B26E76551ABD
blendlib-core/src/main/java/com/liy/blendlib/core/descriptor/AnimationStateDefinition.java	untracked	production	1512	36878DE9B22BD078A39FB354341D34ED57333674D96C6BA8C0E740F94487BB86
blendlib-core/src/main/java/com/liy/blendlib/core/descriptor/DescriptorDecoder.java	untracked	production	23277	D5712BBDF582C738D206FFF8A1D41CEF4A81EF3140D60370D6B56ED11603D7C6
blendlib-core/src/main/java/com/liy/blendlib/core/descriptor/MaterialDefinition.java	untracked	production	1724	5661CE6F88E209B3EA71C4984A8E9792BBDC23AF3BE6D68D5630481E8FA677A6
blendlib-core/src/main/java/com/liy/blendlib/core/descriptor/ModelDescriptor.java	untracked	production	2739	D27DAF653D1347AE0C32EF893EB734D02878ECB096D999402D91C0E0EDB39CA5
blendlib-core/src/main/java/com/liy/blendlib/core/diagnostic/BlendAssetLoadException.java	untracked	production	755	C4D8938BFC1C46258EF3ACA1C8EDA500D61830DDCD0F3E58A3BA05175218C7FC
blendlib-core/src/main/java/com/liy/blendlib/core/diagnostic/BlendDiagnostic.java	untracked	production	2406	28E98E269CA500803CC2873D482C3CB7AB6F83337C84B5ACE12D70912C054C25
blendlib-core/src/main/java/com/liy/blendlib/core/diagnostic/BlendDiagnosticCodes.java	untracked	production	1272	B5BADACA2B295BA31DAA51E2666D1799DC9AE930A8BA4FE5B9A8703C5A978021
blendlib-core/src/main/java/com/liy/blendlib/core/diagnostic/DiagnosticSeverity.java	untracked	production	166	58761519FE952ABEDFD8D478553DF543C14E3A7CA8E6571D940F8915609C0E86
blendlib-core/src/main/java/com/liy/blendlib/core/glb/AccessorInfo.java	untracked	production	401	1CF795C8F9F3A44ED7BC504C9203743CCC0A8190BFDCF754B3F8D16ECDD3F6F9
blendlib-core/src/main/java/com/liy/blendlib/core/glb/GlbAccessorReader.java	untracked	production	16999	CE6D3D28A459F8DE45CF0862159D2EB8538D2A69353AF03B4CB18EFF52B89756
blendlib-core/src/main/java/com/liy/blendlib/core/glb/GlbDocument.java	untracked	production	1051	47D86D69778D3E10920C91217188BC551194460B041F69678D613B2E568D1DD8
blendlib-core/src/main/java/com/liy/blendlib/core/glb/GlbReader.java	untracked	production	4988	66E1623B3A854C76CB27585BFE7048D130D04F227E7932F19D57A65DEA41BEB1
blendlib-core/src/main/java/com/liy/blendlib/core/json/JsonArray.java	untracked	production	430	F466AAF84DC2F6D2BF3D128F5E8EC3DED0C195F61E7B2DF0233917468FB46551
blendlib-core/src/main/java/com/liy/blendlib/core/json/JsonBoolean.java	untracked	production	130	63AFE6DEE844611ADCD69C98EF921B1A5C8822B064D4D775D8CBE65E42615FDD
blendlib-core/src/main/java/com/liy/blendlib/core/json/JsonNull.java	untracked	production	124	521C9D14380750CA6DF099D1819B342072E9912BB271A85C2DD885D4FB06D6B1
blendlib-core/src/main/java/com/liy/blendlib/core/json/JsonNumber.java	untracked	production	828	7203A002E5FB561285D5637F772B32DF9BD44A2AAB1A313CF778DD09D86554CA
blendlib-core/src/main/java/com/liy/blendlib/core/json/JsonObject.java	untracked	production	1125	8AB0AE8FB1AB8E71E3E28278E221FF108EFE5BF794137C9A93F8092C6445BC8A
blendlib-core/src/main/java/com/liy/blendlib/core/json/JsonString.java	untracked	production	240	88DBA9F5FA07D9AFF663ACD08447811D835DE7680F510DAD4CB483CD910CF8F6
blendlib-core/src/main/java/com/liy/blendlib/core/json/JsonValue.java	untracked	production	244	1E27C87E0F094499427590108ADB935D3F2FA0C3293179008156F7857F7A31CB
blendlib-core/src/main/java/com/liy/blendlib/core/json/StrictJsonParser.java	untracked	production	12067	CB62CB5DBBF89C9A7C3077623CF13359C9C7027B06F3E0D792DF8451CFAC0AE2
blendlib-core/src/main/java/com/liy/blendlib/core/limits/BlendAssetLimits.java	untracked	production	2516	A447667115705709E6190D008E081FE64956756919555FE82CC8556A6ADBF2E1
blendlib-core/src/main/java/com/liy/blendlib/core/loader/LoaderFailure.java	untracked	production	1045	7F1F84EF071FDD723D7DB4A8EC5EF486967C0478818B814F07464640F1B7FD2B
blendlib-core/src/main/java/com/liy/blendlib/core/loader/ModelAssetLoader.java	untracked	production	73054	20C2EB2136E3FDEE1B2893443FF3455A3F083A1280831BA4B07C9578C70AE5C3
blendlib-core/src/main/java/com/liy/blendlib/core/model/Bounds.java	untracked	production	2147	871A4C244A883DE356D8103FC055424D50439A4B718FB17C701138156D6E6456
blendlib-core/src/main/java/com/liy/blendlib/core/model/Matrix4.java	untracked	production	2741	2DF70ABDB48827257BFB77F881F4208414021898A1EAA6395D9A9F132BC3884F
blendlib-core/src/main/java/com/liy/blendlib/core/model/MeshPrimitive.java	untracked	production	4740	83F8F931ECDF59D3DC327F0B47220409E73F622A36D147389C27555AB7D51465
blendlib-core/src/main/java/com/liy/blendlib/core/model/ModelAsset.java	untracked	production	4930	87FA68C7D5FF78D2497DAD97855FA3D92A17893E4D4008E124DFAB8F47BE29A8
blendlib-core/src/main/java/com/liy/blendlib/core/model/ModelNode.java	untracked	production	1125	E19D416A72D3BB0052E901ABABA4737EF9948FFE8BC29480FBC0F646FD09B447
blendlib-core/src/main/java/com/liy/blendlib/core/model/ModelPrimitive.java	untracked	production	504	AA1480B66898EAF8855B7150C9517D4407ADCC63B2FD3A11EB5CBD841B798B13
blendlib-core/src/main/java/com/liy/blendlib/core/model/ModelProfile.java	untracked	production	768	C9BA41C84FB33ED21A56B0BF4948A0433353EDA7B93659D2C57D9825BF07445E
blendlib-core/src/main/java/com/liy/blendlib/core/model/Quaternion.java	untracked	production	5730	290E42C3DD9973DFA0B0841B99BCA7476E05D16F43137D00DB570CCB3A0011B0
blendlib-core/src/main/java/com/liy/blendlib/core/model/Skeleton.java	untracked	production	438	7404227F29962EA1CEA74739B3F4808A2A9714841CF9248E3CCAB5D308BE89CB
blendlib-core/src/main/java/com/liy/blendlib/core/model/Skin.java	untracked	production	2327	B11493CCC67E210B234F91C9633D72A16E09EFE7E1405BB143EAE4006A0E5E85
blendlib-core/src/main/java/com/liy/blendlib/core/model/SocketTable.java	untracked	production	1227	34F4DCBD1CAC79EB9265116AAFCECD73B76AC69E6BA2B95BA7D1C8F494933B56
blendlib-core/src/main/java/com/liy/blendlib/core/model/Transform.java	untracked	production	3058	D7160B4582A4964FA1E0815A47E36B22E4D60F091EF69CB4A16A0B3DD98106B4
blendlib-core/src/main/java/com/liy/blendlib/core/model/Vec2.java	untracked	production	326	2F81692D7C791B98ACA5612437DBFBEFDC8721AB03DB82E80033882009AB3B0F
blendlib-core/src/main/java/com/liy/blendlib/core/model/Vec3.java	untracked	production	1415	FE23ECABE1CA6C9555EEDFDD4C1A8239E816FD72A1CE4CAB7BFA496CEC6D50A1
blendlib-core/src/test/java/com/liy/blendlib/core/animation/runtime/AnimationControllerTest.java	untracked	test	14211	B649EADEC88138C03488FA08190118F4390F8931D6DFF7A0B2AF86BF7088EE79
blendlib-core/src/test/java/com/liy/blendlib/core/animation/runtime/CanonicalNodePaletteTest.java	untracked	test	5039	81D11047EF9B299B9A36754A49C646A12F49AAF72683F0F53BDD3B0F0E9EB5C7
blendlib-core/src/test/java/com/liy/blendlib/core/animation/runtime/CanonicalP2RuntimeGoldenTest.java	untracked	test	15332	2C0AA2727FA82EDD8EFB7E5ABCEE3C1AD14BD900BEBC71F095AC56AD77908F9C
blendlib-core/src/test/java/com/liy/blendlib/core/animation/runtime/CpuSkinnerHotPathRegressionTest.java	untracked	test	12050	784A99F01D33137C6EEAF9773E9F2813DB6786479D9F20914A8560F2C69D06F6
blendlib-core/src/test/java/com/liy/blendlib/core/animation/runtime/PosePaletteAndSkinningTest.java	untracked	test	6786	3A107AD5B13CB2C901123CAA1E5B4E61703522A2987310611B1C38557E5878F7
blendlib-core/src/test/java/com/liy/blendlib/core/animation/runtime/PreparedSkinnedGeometryTest.java	untracked	test	5904	B31B0BFC99049B9742490F76C8BB450DD72A39F70632AF55CF28ABA531C0A0F7
blendlib-core/src/test/java/com/liy/blendlib/core/animation/runtime/RuntimeHotPathBoundaryTest.java	untracked	test	3839	7457A0CFC887FB71FB760B2A235638358ABF1C54FB06AD5233CD28C7A41CFECF
blendlib-core/src/test/java/com/liy/blendlib/core/BlendCoreServiceTest.java	tracked	test	522	3981F5CC77A201640BE1151C7433B76733FAA7F99BF6F3C42A853366A61C4EAB
blendlib-core/src/test/java/com/liy/blendlib/core/CoreSourceBoundaryTest.java	tracked	test	1236	4CDE6A0CCA0B1ADBFF7727A5DDFCD39B211062A489D6AD6596C1DC1A28E199BE
blendlib-core/src/test/java/com/liy/blendlib/core/CoreValueContractsTest.java	untracked	test	4085	CAB4D4FFC0D3C29C57B5627347489713A7AE31125E7C9FCE3097629345712DE8
blendlib-core/src/test/java/com/liy/blendlib/core/descriptor/DescriptorDecoderTest.java	untracked	test	7784	64CA3CD87F2AAE61DCF8CD788459EECD172DEA2C3547E611B2C7845133B444ED
blendlib-core/src/test/java/com/liy/blendlib/core/glb/GlbReaderTest.java	untracked	test	1741	0118F828255BDF1CA2522476D38F9216823E80733D572FE46C7ED3FB7CE8A92C
blendlib-core/src/test/java/com/liy/blendlib/core/loader/CanonicalActiveSceneSemanticsTest.java	untracked	test	6660	CF0D5307D72337FD3F998DF08A34157452B281FA2AD358947608291B1C5BC04B
blendlib-core/src/test/java/com/liy/blendlib/core/loader/LoaderFuzzSmokeTest.java	untracked	test	4347	4275FE0D76A8B581C905ABA356545C16AE136B4825F1179A777643D0A48D0E94
blendlib-core/src/test/java/com/liy/blendlib/core/loader/ModelAssetLoaderTest.java	untracked	test	12680	FB314B7E2F5D833DFF5BA783995CF60B36D79A1A123B7055D837B766797ECF09
blendlib-core/src/test/java/com/liy/blendlib/core/loader/PerformanceWarningTest.java	untracked	test	11802	4407822D40B6AD8073F53D1710CA1DA561BC5F4391E299A22EDFD8394652F98E
blendlib-core/src/test/java/com/liy/blendlib/core/loader/StrictLoaderProductionSafetyTest.java	untracked	test	21228	9EA388526998B027AEBA799E9A841A8471A758703EF68E69276911A089554F5B
blendlib-core/src/test/java/com/liy/blendlib/core/testsupport/KhronosDerivedFixtureTest.java	untracked	test	11309	C2C82B2D8EE4DE1F10F39E23C5601B33E9CC20C988BBF535DE6E3B692E159741
blendlib-core/src/test/java/com/liy/blendlib/core/testsupport/P3FixtureCatalog.java	untracked	test	21636	5081E9F6ED81F96AFEA7BD6A13FA1EAE0D130C064BB0391806ECC2B6285EA25B
blendlib-core/src/test/java/com/liy/blendlib/core/testsupport/P3FixtureCatalogTest.java	untracked	test	6763	BB276C881B1F1D1F498012A843C9E4A9C6CE20327E39F80A0D2DDEF3B04E0D31
blendlib-core/src/test/resources/p3/fixtures/descriptors/unknown-top-level-field.json	untracked	test	265	6B4E98D7453C8511158EE81DA6A5BB396F8DD88CBB7E93725DC421C83F56A2B9
blendlib-core/src/test/resources/p3/fixtures/descriptors/unsafe-absolute-path.json	untracked	test	233	7BEF093681C1A7905B56848A834E84F1DAA7E5D38CD1136F193324D679B2CA33
blendlib-core/src/test/resources/p3/fixtures/descriptors/unsafe-file-uri.json	untracked	test	227	EA77326F6A26851D16A61CE7BAAE1CF00E5B46C30BB0A72E9B644B9EA1484E02
blendlib-core/src/test/resources/p3/fixtures/descriptors/unsafe-network-uri.json	untracked	test	239	C596B7B01B71B3511379A674590AD266DF1C703ED864F47348A019487FC438F4
blendlib-core/src/test/resources/p3/fixtures/descriptors/unsafe-parent-path.json	untracked	test	235	23B45A7F19B826D13FA3CA7B85846F5F03A5263BEB1589F999904061BFB423A9
blendlib-core/src/test/resources/p3/fixtures/descriptors/unsafe-texture-file-uri.json	untracked	test	228	37626ACACE4FD440E59E9F2C8C569EE87B930D97EBA0B5F26CE3E5D6126A6F06
blendlib-core/src/test/resources/p3/fixtures/descriptors/unsafe-texture-parent-path.json	untracked	test	236	3D56C6CD42201E8D6896B064F30C6A684A6A4A6F79D20334153596476C15DED1
blendlib-core/src/test/resources/p3/fixtures/descriptors/unsupported-format-version.json	untracked	test	233	D2391A19F435754972B4191084EAAFD9C11335EF3C3FE5B069EF9BEA9203913A
blendlib-core/src/test/resources/p3/fixtures/descriptors/unsupported-profile.json	untracked	test	234	81B918B7BFDDE8372105B5635386606EC0C82BC33C3280672877CEC94F32D2CA
blendlib-core/src/test/resources/p3/fixtures/descriptors/valid-rigid.json	untracked	test	307	2B4F7D7C0B52D4CAC17500513BC27602DE9EB6818DC1A790D8208CA309B5C561
blendlib-core/src/test/resources/p3/fixtures/khronos/animated-cube-derived.glb	untracked	test	2560	E859824719696211E7464745710754336C8082436F0BBFF127F238213AF5D7F4
blendlib-core/src/test/resources/p3/fixtures/khronos/animated-cube-derived.json	untracked	test	392	C51B5E84904A9FC92D3587254D2BBD7DBBB12AF6735E63842ADB446242AE9EBA
blendlib-core/src/test/resources/p3/fixtures/khronos/simple-skin-derived.glb	untracked	test	2808	4F0AD06E0BEA0307E5E4BEABA2D898C0C8ED65D49842292893D39C401047BFE2
blendlib-core/src/test/resources/p3/fixtures/khronos/simple-skin-derived.json	untracked	test	388	F50F28D501CB03E7490356BDE249FA5433A0F221BD6580AF4B7EE273CDE2BE13
blendlib-core/src/test/resources/p3/fixtures/khronos/textures/khronos/animated-cube-derived.png	untracked	test	68	36C907715B80D7CDAD0E196256966A3353B771387AEFB1116D8769DACC81B675
blendlib-core/src/test/resources/p3/fixtures/khronos/textures/khronos/simple-skin-derived.png	untracked	test	68	36C907715B80D7CDAD0E196256966A3353B771387AEFB1116D8769DACC81B675
blendlib-core/src/test/resources/p3/fixtures/README.md	untracked	test	1098	B6ED8F14A8B58C2FF94856733287130AF24715145B11AEBD074845884EB34D4E
blendlib-core/src/test/resources/p5/canonical/canonical-runtime-golden.properties	untracked	test	1843	5AA98690C0A6D6B5FB6D4EF8F4B4EE565A119C5A120E3464CC44B7EF1CA7E434
blendlib-fabric-client/build.gradle.kts	tracked	build	3763	6D038209AD55A623E3C97400C8D95EC7583D49D6AEE918C92666E6A49085C4A6
blendlib-fabric-client/src/client/java/com/liy/blendlib/fabric/client/animation/AnimationUpdateBucket.java	untracked	production	682	BFBEF51E34433FDACB85432B9E74D4B509FB2D65876E801E40B1A98721A8BC4C
blendlib-fabric-client/src/client/java/com/liy/blendlib/fabric/client/animation/AnimationUpdateBuckets.java	untracked	production	888	84EF3F624994039BFE53514CEA2826CB67048FC3A570601ED85A43FD1E99BC19
blendlib-fabric-client/src/client/java/com/liy/blendlib/fabric/client/animation/BoundedPoseCache.java	untracked	production	3555	362DCA89FBAC7D388D16415F4707519B3865164388C5ED5E0F7ED3B2D67CB702
blendlib-fabric-client/src/client/java/com/liy/blendlib/fabric/client/animation/ClientAnimationInstance.java	untracked	production	2267	A6ED395C5AB9E7A7456FA24425C3BEE1A4A557C7937982E653ED1A4CCAFD56AF
blendlib-fabric-client/src/client/java/com/liy/blendlib/fabric/client/animation/ClientAnimationInstanceRegistry.java	untracked	production	8982	AB28A0A68F09E3A752F573F7958516F45FE9FDF844200B4AD4B88CF00AFBC505
blendlib-fabric-client/src/client/java/com/liy/blendlib/fabric/client/animation/ClientAnimationLifecycleBridge.java	untracked	production	3543	25069A4A173D7B1529F6E38C2E2E92EE533FAF14ECC9F47567DCA9BBEA4BA241
blendlib-fabric-client/src/client/java/com/liy/blendlib/fabric/client/animation/ClientAnimationPoseSnapshot.java	untracked	production	2796	2B642B31F2C1138091C903112E859523A250DC906BAF91636F91E8185F3944AF
blendlib-fabric-client/src/client/java/com/liy/blendlib/fabric/client/animation/event/VisualEventDispatcher.java	untracked	production	1422	8EE73F845D4B7773F5B4161B41A1BA1728DF097FE8B4B92110A8CC54F69D1F82
blendlib-fabric-client/src/client/java/com/liy/blendlib/fabric/client/animation/event/VisualEventListener.java	untracked	production	594	1268F15B9369E8F633F1F1518985F3A2B3F80CA6DAC4E76DA17C4A8ED9EBB718
blendlib-fabric-client/src/client/java/com/liy/blendlib/fabric/client/animation/extract/ClientRigidExtractionBridge.java	untracked	production	4082	912913A30E883CE85764C5D12A2CFA233E51B2373D6D4625AD09C33E2D9F6AEB
blendlib-fabric-client/src/client/java/com/liy/blendlib/fabric/client/animation/extract/ClientSkinnedExtractionBridge.java	untracked	production	5986	97D12F348CA6065B1C089FA6A523242447843927EC92826FF10B952A77E28643
blendlib-fabric-client/src/client/java/com/liy/blendlib/fabric/client/animation/extract/ClientSkinnedExtractionFrame.java	untracked	production	1120	D3A047396D2E8BF685460804B76E2880F8CD9BEAB96D1139F0A6DEA0BF6828B1
blendlib-fabric-client/src/client/java/com/liy/blendlib/fabric/client/animation/extract/SkinnedExtractionRequest.java	untracked	production	835	447335285767F53A6A35A7AA1740F526D20EFF5C1EF6A31BDC8FB851135C7A78
blendlib-fabric-client/src/client/java/com/liy/blendlib/fabric/client/animation/PoseCacheKey.java	untracked	production	1010	518EA61831D39BADF21A7F6F1840A2198C74DB7D1A704290431A2764F823C5D1
blendlib-fabric-client/src/client/java/com/liy/blendlib/fabric/client/animation/PoseCacheMetrics.java	untracked	production	646	F66295A0E343E3A00A58ACFB03E0E0D02755359BA1DC1B18B35041FBE8956BAD
blendlib-fabric-client/src/client/java/com/liy/blendlib/fabric/client/animation/runtime/SkinnedAnimationRuntime.java	untracked	production	20035	E579F8832621CACAA9326537D3740360CAD8A5C2A8C800BE9748219D778FB70C
blendlib-fabric-client/src/client/java/com/liy/blendlib/fabric/client/animation/runtime/SkinnedAnimationRuntimeInput.java	untracked	production	2333	F02B4DC07963772C1589BDFB0AD288FB63D2B8714F922AE5C0BA43E7C21946D6
blendlib-fabric-client/src/client/java/com/liy/blendlib/fabric/client/animation/runtime/SkinnedAnimationRuntimeResult.java	untracked	production	769	953673A697F40AFCF6452A678C972FAC3D40DED5924EBEFC6F36068BFFBB8913
blendlib-fabric-client/src/client/java/com/liy/blendlib/fabric/client/animation/sync/BlendLibClientAnimationSync.java	untracked	production	536	877DA5EA5D684E1D126460C3A3446B9A24C9F956D005CBB3BEF9F9889CFE7A23
blendlib-fabric-client/src/client/java/com/liy/blendlib/fabric/client/animation/sync/ClientAnimationCommand.java	untracked	production	531	02E26BE02E6CA2AD40E52331A561D33465D02F6017845CEB08C9329F4B7A3DB6
blendlib-fabric-client/src/client/java/com/liy/blendlib/fabric/client/animation/sync/ClientAnimationSyncRuntime.java	untracked	production	7549	A5BD8EFBD2613FFC032E5FC0AAD14B0132404AEC5119A96C8502B418015B70D3
blendlib-fabric-client/src/client/java/com/liy/blendlib/fabric/client/animation/sync/ClientAnimationSyncStore.java	untracked	production	5140	EE1463574769B897E5371EA6A4B0099652858E10AB50C5E1A5D727E421A8F3A1
blendlib-fabric-client/src/client/java/com/liy/blendlib/fabric/client/animation/sync/ClientAnimationTarget.java	untracked	production	1045	3954DD94673A177C275F1B9D92489953DAF404E198B1B0FE7771E37F67286888
blendlib-fabric-client/src/client/java/com/liy/blendlib/fabric/client/animation/sync/UnknownTargetQueue.java	untracked	production	5280	E6E115A8BCE2EE601AFB14FDA28D548244F9332F6DC491D3B7C1C672D9B56E9E
blendlib-fabric-client/src/client/java/com/liy/blendlib/fabric/client/api/BlendLibClientServices.java	untracked	production	7509	5829548666D2895F8EE6AE527A7006F95A6978A33FF7BD596192E4B6260288E5
blendlib-fabric-client/src/client/java/com/liy/blendlib/fabric/client/api/BlendRenderer.java	untracked	production	2223	11C1DF564C53B1FD5C0DDDC931161D6B0FAB06C2CAB70D4BB17664049BD8BEE1
blendlib-fabric-client/src/client/java/com/liy/blendlib/fabric/client/api/ClientAnimationRuntimeMetrics.java	untracked	production	1683	F98ACAA978C149F2B9CAB05FAA78C6B89184FA9D3F76CFB16DD65141BBA548E0
blendlib-fabric-client/src/client/java/com/liy/blendlib/fabric/client/api/ClientDiagnostic.java	untracked	production	1221	5A26FA9E000378CDC7803506F9CD8A905C24BB68BC11DAD652E5D39E269EFF57
blendlib-fabric-client/src/client/java/com/liy/blendlib/fabric/client/api/ClientDiagnosticSeverity.java	untracked	production	189	DA4374B24B870FA8D5C8FD40BD67D7E9E2C348CDA757D66B692A19A1DB7CACFC
blendlib-fabric-client/src/client/java/com/liy/blendlib/fabric/client/api/ClientModelLookup.java	untracked	production	490	719D683FB67D14F14985EC2F4F3711918CC0B6EC4BEE0BC8B99F17F20D65BB37
blendlib-fabric-client/src/client/java/com/liy/blendlib/fabric/client/api/ClientModelView.java	untracked	production	1263	E850C019F816B8D5397CA14ECEC26187C8473FEEC8819EF4E699CECD35003C99
blendlib-fabric-client/src/client/java/com/liy/blendlib/fabric/client/api/ClientRegistryView.java	untracked	production	1581	DB2BD5AE56A05C51429936882433D07B4FC1213FF41B9B4464A98408B2066D77
blendlib-fabric-client/src/client/java/com/liy/blendlib/fabric/client/api/ClientRenderMeasurementService.java	untracked	production	1857	E5636DB3A9430E876B35906B5BBEFFB2866A6988957AA33C133C822F8FDD8734
blendlib-fabric-client/src/client/java/com/liy/blendlib/fabric/client/api/ClientRenderMeasurementSnapshot.java	untracked	production	1502	EE57D65833A0455810CF1CA008495CBFB2455C8B0AE4E1FDF69E4F7BBCCFF789
blendlib-fabric-client/src/client/java/com/liy/blendlib/fabric/client/api/RegistryBackedModelLookup.java	untracked	production	3010	C2891213B00BA838D0EA4888BB5A8C83FEB3734F8601D6E4C25623AAB5D21944
blendlib-fabric-client/src/client/java/com/liy/blendlib/fabric/client/BlendLibClientEntrypoint.java	tracked	production	4290	E300F798E279BDD61B62BAE63C15B25F379E2F206FD135BDFAF7068FA6412422
blendlib-fabric-client/src/client/java/com/liy/blendlib/fabric/client/blockentity/BlendBlockEntityRenderer.java	untracked	production	5614	935834ABF70C995F55632B84AC24455DFCABD4EE482407FD5B7E9A56F7FDA0DD
blendlib-fabric-client/src/client/java/com/liy/blendlib/fabric/client/blockentity/BlendBlockEntityRendererBuilder.java	untracked	production	3545	758BC5ACC624C458E2B7DD011463DA3D863DA8028703E9BCC61C92F80565D41A
blendlib-fabric-client/src/client/java/com/liy/blendlib/fabric/client/blockentity/BlendBlockEntityRenderers.java	untracked	production	1027	89518017C39825132EF87F72F03C02AB96445A707F85013C77F48B5DB2A36D66
blendlib-fabric-client/src/client/java/com/liy/blendlib/fabric/client/blockentity/BlendBlockEntityRenderState.java	untracked	production	921	21DCC673D819B46503289CF11DB1DA52A1CA45D12A4942F5F5743F1A9782D0FB
blendlib-fabric-client/src/client/java/com/liy/blendlib/fabric/client/blockentity/BlendBlockEntitySnapshotFactory.java	untracked	production	661	9671C7BC920F69DFDC0015F001CAA1C2E93CD6356F9C7FCF9DBFAA633A263ECE
blendlib-fabric-client/src/client/java/com/liy/blendlib/fabric/client/blockentity/BlendBlockEntitySnapshotRequest.java	untracked	production	1305	02994C6AF78AADDF9563EB11DCE144FB9546D1746C1CC92AB833EEA71946ADE7
blendlib-fabric-client/src/client/java/com/liy/blendlib/fabric/client/blockentity/StaticRestPoseBlockEntitySnapshotFactory.java	untracked	production	1783	AB85B8360F7405A15AD9EB38D694E561EF9DC848577ECC7E52AC624C7C0EC2B1
blendlib-fabric-client/src/client/java/com/liy/blendlib/fabric/client/blockentity/SyncedSkinnedBlockEntitySnapshotFactory.java	untracked	production	4712	CD0BC15DA6C21310E7F458DE62F6C0CE9BA1D0C8B2EADDAC894088F6546818DA
blendlib-fabric-client/src/client/java/com/liy/blendlib/fabric/client/command/ClientDiagnosticsCommandRegistrar.java	untracked	production	6722	C1CA669CEB21101081B0A6F36A37564757125FF5553709B327B7FF5D9505D21A
blendlib-fabric-client/src/client/java/com/liy/blendlib/fabric/client/command/ClientDiagnosticsCommandRegistry.java	untracked	production	4102	CB13D98BF7F0B582BC96D80E3F3D2CEC6D859E69D879246726922094C65DCF29
blendlib-fabric-client/src/client/java/com/liy/blendlib/fabric/client/command/ClientDiagnosticsCommandResult.java	untracked	production	2038	7B1976FE34C95CE2AD170949DECF89C8183BCEE5B253668ECD9C4018B8DB94FB
blendlib-fabric-client/src/client/java/com/liy/blendlib/fabric/client/command/ClientDiagnosticsService.java	untracked	production	2412	A848BE0E48675059CEEED0E504920E5CD896E9223BD75CE6F79D4A9B82DFA4FA
blendlib-fabric-client/src/client/java/com/liy/blendlib/fabric/client/entity/BlendEntityRenderer.java	untracked	production	5349	F43D05578FE16FAFD60D017D1574BCB4C3BB606EBA2A2E82BCB649AFA66ABB93
blendlib-fabric-client/src/client/java/com/liy/blendlib/fabric/client/entity/BlendEntityRendererBuilder.java	untracked	production	8524	6809BBD9AC1220E3230800C4A27A148C8A6BA6E5B0581AE355A7851DA35A3309
blendlib-fabric-client/src/client/java/com/liy/blendlib/fabric/client/entity/BlendEntityRenderers.java	untracked	production	978	FA171B32DAEC0AA60D0338541FD7F2ADBB67B248EF907C413A3AA3D874A412C7
blendlib-fabric-client/src/client/java/com/liy/blendlib/fabric/client/entity/BlendEntityRenderState.java	untracked	production	636	0FA167C2251474BA473FFE187BB657E8ECCC7CC69F341FFFD8A20880D41BCC98
blendlib-fabric-client/src/client/java/com/liy/blendlib/fabric/client/entity/BlendEntitySnapshotFactory.java	untracked	production	611	0C016C834A50DF336E69395D7DE69D986C5839CE28708E6E5DF1E203D38F4D10
blendlib-fabric-client/src/client/java/com/liy/blendlib/fabric/client/entity/BlendEntitySnapshotRequest.java	untracked	production	1510	6BA305A6BB0978B8E6DEFC2F9AAF80EA47675E81FAC5610BD723CF9322AFD4F0
blendlib-fabric-client/src/client/java/com/liy/blendlib/fabric/client/entity/EntityCullingBounds.java	untracked	production	3288	216B8F7831E32E6E686D1D091779A176DF31A65757B77E1B4E646FD9A1D7DBEA
blendlib-fabric-client/src/client/java/com/liy/blendlib/fabric/client/entity/SkinnedAnimationEntitySnapshotFactory.java	untracked	production	7034	F27BEEDA0E38A13F7203058630CDC4368783A6DB9C7C92A1B521398DC5A77D8A
blendlib-fabric-client/src/client/java/com/liy/blendlib/fabric/client/entity/SkinnedAnimationStateSelector.java	untracked	production	591	0CC2EB08CBBB8D505B63A39FFAF8501104B2E036C1CA0D43EC905A6208371B01
blendlib-fabric-client/src/client/java/com/liy/blendlib/fabric/client/entity/SkinnedAnimationVisualEventHandler.java	untracked	production	609	7033BFD67E563578816173405DF2511D1740036CACBBDCEB7AA13D9C35AE8110
blendlib-fabric-client/src/client/java/com/liy/blendlib/fabric/client/entity/StaticRestPoseEntitySnapshotFactory.java	untracked	production	1665	9020ED9A0ECA6CC056FCE69249A5A7816BC04C5DE9A91F9A5D00B5CCC02384C4
blendlib-fabric-client/src/client/java/com/liy/blendlib/fabric/client/entity/SyncedSkinnedAnimationStateSelector.java	untracked	production	713	67AA5F3CA10898B3AF29918CB31223CD2879A4060E213D4DCE9454DC75561180
blendlib-fabric-client/src/client/java/com/liy/blendlib/fabric/client/item/BlendLibItemBinding.java	untracked	production	882	6ED555CB89EB87889AB3776B589375E55B595B810DD3C63C37AB49CD483FDA4E
blendlib-fabric-client/src/client/java/com/liy/blendlib/fabric/client/item/BlendLibItemModelBindings.java	untracked	production	3454	F2380B2792E12452FC960CA66C209571066DB4D21DD8F5264E1F4866024916D2
blendlib-fabric-client/src/client/java/com/liy/blendlib/fabric/client/item/BlendLibItemRenderArgument.java	untracked	production	1279	C16A3D0124F3F78E86FEE1E5188011C94BFB0C0F517711A6C7B24383D8084DAE
blendlib-fabric-client/src/client/java/com/liy/blendlib/fabric/client/item/BlendLibItemSpecialRenderer.java	untracked	production	3729	C5296A8953C99E89A56CFC6BECCE1AE7696711B8B24B757A29B181A434F2B091
blendlib-fabric-client/src/client/java/com/liy/blendlib/fabric/client/network/ClientAnimationPayloadReceivers.java	untracked	production	1524	B3E81105034C742C80D06AC60AEC4F26D6AE83516AF169465D4392F9756180E4
blendlib-fabric-client/src/client/java/com/liy/blendlib/fabric/client/perf/ClientRenderMeasurementCollector.java	untracked	production	4884	132612801D7D66344A9031AB2E4F1B0055CA55F5FC048B54F20C7E86EAADA0CF
blendlib-fabric-client/src/client/java/com/liy/blendlib/fabric/client/reload/ClientModelRegistry.java	untracked	production	4651	08D3258FFA1DF8AB138FA7D914959966624F657D36467C01A780681A71573789
blendlib-fabric-client/src/client/java/com/liy/blendlib/fabric/client/reload/ClientModelReloadListener.java	untracked	production	18964	E4EF4A43D2B9B4AC5480937AEE16762F672FCC9204008303AE51CD65D32DEC4F
blendlib-fabric-client/src/client/java/com/liy/blendlib/fabric/client/reload/LoadedModelHandle.java	untracked	production	1258	2091AB5157931DDFB33959E79C09768982D650921AEE8D11BBD45472D5A8106F
blendlib-fabric-client/src/client/java/com/liy/blendlib/fabric/client/reload/MissingModelDiagnosticDeduplicator.java	untracked	production	1747	B6C6467C871805742C70297A82F6C855DED27F171EF9EA714DA6DE093F77C174
blendlib-fabric-client/src/client/java/com/liy/blendlib/fabric/client/reload/MissingModelHandle.java	untracked	production	2290	3CE165A07C5B26085AE3E5B2BFE6ABBB12C54769EC92433ACFA96A93C08F838F
blendlib-fabric-client/src/client/java/com/liy/blendlib/fabric/client/reload/ModelHandle.java	untracked	production	536	2D8366068D404BBBBF84F94FA761FE56EA354687578FEF75FEBF9E5A371575F2
blendlib-fabric-client/src/client/java/com/liy/blendlib/fabric/client/reload/ModelRegistryGeneration.java	untracked	production	5482	5B5258BF5FCCB3D2B97A8E629705DC338F06554491CEA6CB93252FB21891EEDB
blendlib-fabric-client/src/client/java/com/liy/blendlib/fabric/client/reload/PreparedModelGeneration.java	untracked	production	3581	DBD1D5EC46EFEC1D562A18012689F9CA9EF465A32F51566A1806A5265196348C
blendlib-fabric-client/src/client/java/com/liy/blendlib/fabric/client/reload/ReloadDiagnosticsReporter.java	untracked	production	12200	E35195F1508D468C93F54772A823F97B868FC92DFD26FC354D2C5A6E82FF7011
blendlib-fabric-client/src/client/java/com/liy/blendlib/fabric/client/reload/ReloadRetentionMetrics.java	untracked	production	2311	75698FC3E0AA7EEDE85AF853D7CD6D06C902E8D0D911F8D8FBFF711612436914
blendlib-fabric-client/src/client/java/com/liy/blendlib/fabric/client/render/CullingMetadata.java	untracked	production	401	E5D3D69705BE59B1C398F79E7BF62B3A65F5B8DB663C1FAED1BA94E72F611AB0
blendlib-fabric-client/src/client/java/com/liy/blendlib/fabric/client/render/MaterialMapping.java	untracked	production	1012	3FFCEA86C656382BDD0EDF9747B0809071E5AA94FD4A2C7A68E6A62300B8053A
blendlib-fabric-client/src/client/java/com/liy/blendlib/fabric/client/render/MaterialRejectionReason.java	untracked	production	699	B4F3856C4D7F4C242012BB61EF7A079C3F614E1E65F51F1D49813EE6536835EB
blendlib-fabric-client/src/client/java/com/liy/blendlib/fabric/client/render/MaterialRenderMapper.java	untracked	production	6785	80AD90F7453147C977F83C3DA6DF3E19256EB873DE022B2094CE5B608C538ADE
blendlib-fabric-client/src/client/java/com/liy/blendlib/fabric/client/render/Minecraft2612StaticRigidRenderBackend.java	untracked	production	10057	FEDCCA8AC94D315FFA95E0BE36186823AAB6E1DD7226D8F13832A49A348DF112
blendlib-fabric-client/src/client/java/com/liy/blendlib/fabric/client/render/MissingModelRenderHandle.java	untracked	production	2950	4DE25085896DAADDB7169ADA94B11A970195706EB0E4B5CF358C8164E19EDE71
blendlib-fabric-client/src/client/java/com/liy/blendlib/fabric/client/render/ModelRenderBackend.java	untracked	production	272	7259AB24A4F40C0031BA30ED3AA56F8A3F11B7D1E26316C387B7D1B328AE23D1
blendlib-fabric-client/src/client/java/com/liy/blendlib/fabric/client/render/ModelRenderHandle.java	untracked	production	1655	93BEEB74843A37DED666BA6E16539A31F1B967F39FF4BAF4252ECF17C50E1BE1
blendlib-fabric-client/src/client/java/com/liy/blendlib/fabric/client/render/ModelRenderSnapshot.java	untracked	production	8760	269819ED2C2A0DD911BC232CECFBAD30E8F2D3304F2EEF912282F2679BF5ED35
blendlib-fabric-client/src/client/java/com/liy/blendlib/fabric/client/render/PreparedRenderPrimitive.java	untracked	production	562	FE0EAAFA033C0B9059B01A7853967468F9BBA359D7E407553286CFC8DD77784A
blendlib-fabric-client/src/client/java/com/liy/blendlib/fabric/client/render/PreparedSkinnedRenderPrimitive.java	untracked	production	991	E54B662138E9C6255E2FB3CC97376B834B65A97C4EEE8F66818D922972D054B5
blendlib-fabric-client/src/client/java/com/liy/blendlib/fabric/client/render/RenderLayer.java	untracked	production	204	B083E75BBD0060E52E7C840C75483D566F64A4E1A565DE036C8604D81FDDF863
blendlib-fabric-client/src/client/java/com/liy/blendlib/fabric/client/render/RenderMaterial.java	untracked	production	986	FF6AE4DC47A0BBBD29E63ED627513015A979D9624CAC0F14B4FD95E29D99418D
blendlib-fabric-client/src/client/java/com/liy/blendlib/fabric/client/render/RenderSubmissionContext.java	untracked	production	548	5D4E796FC85B466100C4027583ADDE3F530F925B729D8D5610E11DAAB2A696B3
blendlib-fabric-client/src/client/java/com/liy/blendlib/fabric/client/render/RenderVisibility.java	untracked	production	195	C04EC9F1B9F16632D0DC32ECBB4E3276ABC2C8D9A4A9E7319CAE46F82119F3D7
blendlib-fabric-client/src/client/java/com/liy/blendlib/fabric/client/render/RigidNodePaletteSnapshot.java	untracked	production	3324	74181ADDF9EADD2477618B1588DEA37C0D7F68CF26F0A1A9B22FA78874B0A43D
blendlib-fabric-client/src/client/java/com/liy/blendlib/fabric/client/render/SkinnedMeshSnapshot.java	untracked	production	4418	62FCB97C348834EF047C25E89C97654D4E0310EE6AB19A4B1B7EE83AC52FBBE6
blendlib-fabric-client/src/client/java/com/liy/blendlib/fabric/client/render/SkinnedRenderHandle.java	untracked	production	6847	1BC91C9418A270DF9E9DB0CCE386D035AEAFEDAEE5652A7B521C1DCBA35F1A4D
blendlib-fabric-client/src/client/java/com/liy/blendlib/fabric/client/render/SkinnedRenderSnapshot.java	untracked	production	3674	9DCEAF1AB5E32555A02B3132416212BF23A11E9B6E0982387D3DE543DE66F6FC
blendlib-fabric-client/src/client/java/com/liy/blendlib/fabric/client/render/SkinnedSocketMarkerSubmitter.java	untracked	production	5356	FD3D84DB94947F43BFA916E3496CB7A6BC5E954E4DBFEE73D1235A381AA60132
blendlib-fabric-client/src/client/java/com/liy/blendlib/fabric/client/render/StaticGeometry.java	untracked	production	4298	321D569B2E76EC76A375453832CF1D268F95227C79929EE63B20157987029636
blendlib-fabric-client/src/client/java/com/liy/blendlib/fabric/client/render/StaticRigidRenderHandle.java	untracked	production	8463	3EC8EC7D8A031D1281AC65A434C3183B0CAA8F37A9544C7FBCC2C3286F0A2B9F
blendlib-fabric-client/src/client/java/com/liy/blendlib/fabric/client/render/UnsupportedRenderMaterialException.java	untracked	production	1373	68532F6021E0D2B927F7D98C27F171AC599F7D1D3EB4F86C8612CE7A0C6BBD6F
blendlib-fabric-client/src/main/java/com/liy/blendlib/fabric/BlendFabricResourceIds.java	tracked	production	791	6BD982A713A35CF9943EBA8ACE98857D07E42A42E4A7E1339359851A1F4A50DB
blendlib-fabric-client/src/main/resources/fabric.mod.json	tracked	production	562	5F3F0AA7AF4FCA82BD858F92E4B409ED07DB9587FC6725729D155D0B701F20C9
blendlib-fabric-client/src/test/java/com/liy/blendlib/fabric/client/animation/AnimationUpdateBucketsTest.java	untracked	test	2660	AD3CE2B1EFB961F8699F6D59EEB19FC58916F2FE7811DDC4F2015DC7BAE98850
blendlib-fabric-client/src/test/java/com/liy/blendlib/fabric/client/animation/BoundedPoseCacheTest.java	untracked	test	7966	51939D90F9CF97C5B05134B31391E298FC27FC5B44B9861869A7FE3C7940B078
blendlib-fabric-client/src/test/java/com/liy/blendlib/fabric/client/animation/ClientAnimationInstanceRegistryTest.java	untracked	test	17897	B8E7E7754956FEF900750A5EA308D5B9E0FFC8C40AF5F4A89E25964498634D24
blendlib-fabric-client/src/test/java/com/liy/blendlib/fabric/client/animation/ClientAnimationLifecycleBridgeTest.java	untracked	test	6640	C0CB9D35E1683921960E8B134AF9163850FBD682D758671F0CFD895A539F9AFC
blendlib-fabric-client/src/test/java/com/liy/blendlib/fabric/client/animation/ClientAnimationPoseSnapshotTest.java	untracked	test	6732	98C49DE67A89E9D94D4A98D0E86560EDFE3489ED49F994A79F5281CCD804FED1
blendlib-fabric-client/src/test/java/com/liy/blendlib/fabric/client/animation/ClientAnimationSourceBoundaryTest.java	untracked	test	4343	A1DEC8E2E1502CD858BEF922CFD2BA6913CC59C0B0AEB28C442585BF95A14452
blendlib-fabric-client/src/test/java/com/liy/blendlib/fabric/client/animation/ClientAnimationTestFixtures.java	untracked	test	3609	88B85E76EA7ADF3DFF7584BDFA3031473C46A32A9EFB76E00084B0AB502C6A99
blendlib-fabric-client/src/test/java/com/liy/blendlib/fabric/client/animation/event/VisualEventDispatcherTest.java	untracked	test	5444	FBD1493EC89567C8B05461F8EA05D7C4645CA54FD5D3E8A5DCC80DE85D5A5C24
blendlib-fabric-client/src/test/java/com/liy/blendlib/fabric/client/animation/event/VisualEventSourceBoundaryTest.java	untracked	test	3214	5A8AB35D630D5A92C785FDD7211F13548501F304C38735350A92F3FA40F30BA6
blendlib-fabric-client/src/test/java/com/liy/blendlib/fabric/client/animation/extract/ClientSkinnedExtractionBridgeTest.java	untracked	test	13419	3F2CDECBF7F14DA710A900E7BD908EA34A6945D213A93EFF49AF4995B55C2E05
blendlib-fabric-client/src/test/java/com/liy/blendlib/fabric/client/animation/runtime/SkinnedAnimationRuntimeSourceBoundaryTest.java	untracked	test	2536	B07B0125F70ACE3C2E616A948B770CD3AC3A9ED8434C003490B43D0C7AA954E1
blendlib-fabric-client/src/test/java/com/liy/blendlib/fabric/client/animation/runtime/SkinnedAnimationRuntimeTest.java	untracked	test	27923	90D86575804EB2BC8F03AD7B51362C6F782ABBAF740C52ECA430FA011BA72CF3
blendlib-fabric-client/src/test/java/com/liy/blendlib/fabric/client/animation/sync/ClientAnimationSyncStoreTest.java	untracked	test	4103	DB28B0A8F49B3B0E138DFEF307AB74B9CC1DF704B780F9C9942648965C1BF7F6
blendlib-fabric-client/src/test/java/com/liy/blendlib/fabric/client/animation/sync/UnknownTargetQueueTest.java	untracked	test	1953	BB8EF3F0452EAA8825994234540DBD666C0C1516B145BA54BAA6AC60EA84363B
blendlib-fabric-client/src/test/java/com/liy/blendlib/fabric/client/api/ClientAdapterContractsTest.java	untracked	test	5732	9C57E2D4CB5364EF809F5BF1B1BAB34ED998AEC33DB1152C83A768A2269421EF
blendlib-fabric-client/src/test/java/com/liy/blendlib/fabric/client/BlendLibClientEntrypointLifecycleTest.java	untracked	test	2279	E3395EBF9A9E4C06B3AFC7BA6D9A046FD0850280AF0E4C3B82CF8821DD6223D5
blendlib-fabric-client/src/test/java/com/liy/blendlib/fabric/client/blockentity/BlendBlockEntityAdapterContractsTest.java	untracked	test	9340	CD6B55947B1ECE6A5F9F573540291B1B97D9D815D2E72CB4CF5A790714454744
blendlib-fabric-client/src/test/java/com/liy/blendlib/fabric/client/blockentity/PublicBlockEntityConsumerCompileFixture.java	untracked	test	1126	32C31F54C268081C877A507E68074B916A3012171DC754729B9C915D11C762F3
blendlib-fabric-client/src/test/java/com/liy/blendlib/fabric/client/command/ClientDiagnosticsCommandRegistrarTest.java	untracked	test	2152	6CA44E1B5BD934848B9095415E4E85A1B4F9F8DE1236A0467E7E36DB36CF2BA8
blendlib-fabric-client/src/test/java/com/liy/blendlib/fabric/client/command/ClientDiagnosticsCommandRegistryTest.java	untracked	test	4750	D587EB700ECD566EE941B70F7FFB9FE6E7648A54B875FA14D9C27099DE21985C
blendlib-fabric-client/src/test/java/com/liy/blendlib/fabric/client/entity/EntityAdapterContractsTest.java	untracked	test	12118	12690676DB0D1F2C1A1757F1BC565AE36319E1AF6D2C7A7BE13C582A7F7D573E
blendlib-fabric-client/src/test/java/com/liy/blendlib/fabric/client/entity/PublicEntityConsumerCompileFixture.java	untracked	test	1550	82FF1A210FFDBB5DDBEC787FB5E60598EDD57C6A8241D4BF7EBAD12A2875E66D
blendlib-fabric-client/src/test/java/com/liy/blendlib/fabric/client/item/BlendLibItemAdapterContractsTest.java	untracked	test	6306	68AFEB0D2008AD073150A857198024D4324938158B01C7BEBFDF8A31A43EE048
blendlib-fabric-client/src/test/java/com/liy/blendlib/fabric/client/network/ClientAnimationPayloadReceiversTest.java	untracked	test	1223	07F3ACB77716F8C2CD60F2B9A9745FF5C273F0A80F151CA0A3D666F79C2143CD
blendlib-fabric-client/src/test/java/com/liy/blendlib/fabric/client/perf/ClientRenderMeasurementCollectorTest.java	untracked	test	2537	7741D0C554532616E8C002CFA0460B83C097778E8BD5FF3072E13952141D5BB1
blendlib-fabric-client/src/test/java/com/liy/blendlib/fabric/client/reload/ClientModelRegistryTest.java	untracked	test	5099	677C043A35D056905B53ED049D8F3E01DAF7B8B5556F37261F56A8122D900DF8
blendlib-fabric-client/src/test/java/com/liy/blendlib/fabric/client/reload/ClientModelReloadListenerTest.java	untracked	test	37913	A7D330FEEC16D9E0C3D19544B323BAD7B811461030A6895F282225A6AE096851
blendlib-fabric-client/src/test/java/com/liy/blendlib/fabric/client/reload/MaterialReloadDiagnosticTest.java	untracked	test	5145	D970FE0762A863F17CF8DE79F43CD09F828317A7F23A53753A4170F8E0AAEC26
blendlib-fabric-client/src/test/java/com/liy/blendlib/fabric/client/reload/ProfiledRenderHandleReloadTest.java	untracked	test	7797	8BD8E28A2545E84DFC7BE092E9D7D705C0ADA4CB0B36B443E857DEB36ACD193F
blendlib-fabric-client/src/test/java/com/liy/blendlib/fabric/client/reload/ShowcaseSkinnedResourcePreparationTest.java	untracked	test	10387	0D19208A0C596A3F3FB8A12E206364EF7E824D3417348AE55857A32AD7D4AD9F
blendlib-fabric-client/src/test/java/com/liy/blendlib/fabric/client/render/MaterialRenderMapperTest.java	untracked	test	9496	2DCF974F7D2E3162DDA81E2DAFAB81BC0FE68FDFB4FABC873BA40C7E083E2627
blendlib-fabric-client/src/test/java/com/liy/blendlib/fabric/client/render/MaterialResolverSeamTest.java	untracked	test	8822	5746624D144BE39877766051A302AF4D901508E13C41EAABA5100CF455E5E041
blendlib-fabric-client/src/test/java/com/liy/blendlib/fabric/client/render/RenderContractsTest.java	untracked	test	20121	D4E2924EC98EE727D930A21E3D1DF185ACC30443E6F20D9964B633102D98EDF4
blendlib-fabric-client/src/test/java/com/liy/blendlib/fabric/client/render/ShowcaseRigidPulseRuntimeTest.java	untracked	test	6885	4343DF814936CFFA68480CB7A050315C6307FD5134149E8DFC26E9AFA038BF48
blendlib-fabric-client/src/test/java/com/liy/blendlib/fabric/client/render/SkinnedRenderBackendContractsTest.java	untracked	test	20219	00A13386C84D53B006F97CCDDD40D73ECDCDE5A6A7D07335C9FE7E21521039E7
blendlib-fabric-client/src/test/java/com/liy/blendlib/fabric/FabricMetadataBoundaryTest.java	tracked	test	817	192A615EAA7A70EFE91037F09E9DB8EB19F1B64BD94CA2DF0DD1F40F2ADB2F60
blendlib-fabric-common/build.gradle.kts	tracked	build	897	07BFA6743F2EA43C83CDE5C3F60D97F60BAE6FD2DA668FF447E006A78BB5A7C1
blendlib-fabric-common/src/main/java/com/liy/blendlib/fabric/common/animation/BlendAnimations.java	untracked	production	3443	2CFA0A7598FC6F3398B1B0B6B622C465AB699F9B2C713379B332559E0FA012EA
blendlib-fabric-common/src/main/java/com/liy/blendlib/fabric/common/animation/ServerAnimationStateRegistry.java	untracked	production	8248	1CD9601A62F72218422B7EBDB885B0C66BA6449151CD491D7E45A5FE093B57B8
blendlib-fabric-common/src/main/java/com/liy/blendlib/fabric/common/animation/ServerAnimationSyncService.java	untracked	production	9663	142256694E5DD3DAE2CE7F2F8343E6E981333E06753F75846BCA775A7DD405AB
blendlib-fabric-common/src/main/java/com/liy/blendlib/fabric/common/animation/SyncedAnimationState.java	untracked	production	2296	BD3309A2EBBAED3E46486B6946D0BFE2A171539D148F4501936E2AE400D7C9A8
blendlib-fabric-common/src/main/java/com/liy/blendlib/fabric/common/BlendLibCommonEntrypoint.java	tracked	production	599	CB43DA117935260F9430BF8919D647776E132C6C381F5FBF5C1CC7903596DA2E
blendlib-fabric-common/src/main/java/com/liy/blendlib/fabric/common/network/AnimationPayloadCodecs.java	untracked	production	1727	33F4F716F6D054543C7986A7F6DA6BB7A8E40E260A9758D21080D324D4C6BCF1
blendlib-fabric-common/src/main/java/com/liy/blendlib/fabric/common/network/BlendLibAnimationPayloads.java	untracked	production	854	749331F110203AFB0B73BAA6BC8F88EC60E01D152D06F3DC4C278BC20D4A7E21
blendlib-fabric-common/src/main/java/com/liy/blendlib/fabric/common/network/BlockEntityAnimationPayload.java	untracked	production	1762	83D8E361C40F9A95D63F9F37A093F03D646D9977D43D17C635196C17F47016CD
blendlib-fabric-common/src/main/java/com/liy/blendlib/fabric/common/network/EntityAnimationPayload.java	untracked	production	1637	0A0855CA300F9C4E9CE52F7A32036D37D401B04DB9D2ADB9C2891108FFB4A6F9
blendlib-fabric-common/src/test/java/com/liy/blendlib/fabric/common/animation/BlendAnimationsSourceBoundaryTest.java	untracked	test	1068	1A9DC82945B84DA503EE494B2D51ACDB8CF121222A0094701CFF1251CF73067A
blendlib-fabric-common/src/test/java/com/liy/blendlib/fabric/common/animation/ServerAnimationStateRegistryTest.java	untracked	test	3436	032BBABB43FA89C673B67EDE0F73196B88CB07AB6C351EF91B2FF465B06167BE
blendlib-fabric-common/src/test/java/com/liy/blendlib/fabric/common/animation/ServerAnimationSyncServiceLifecycleTest.java	untracked	test	1174	42BC6A981FCF9B78F19CF2843685DAB7D74F8C45EDD0B130521C265C113ED6A6
blendlib-fabric-common/src/test/java/com/liy/blendlib/fabric/common/CommonSourceBoundaryTest.java	tracked	test	1254	6C031C78577800393628CECD825F9442EF82D72AB91348C2F480C52E80D6550B
blendlib-fabric-common/src/test/java/com/liy/blendlib/fabric/common/network/AnimationPayloadCodecTest.java	untracked	test	4851	9DE8188E76A424DE110086D37D7F5D3652A0D5D812D54DB82B3AC783199D2C9E
blendlib-fabric-consumer-fixture/build.gradle.kts	untracked	build	1832	901870FD993CB38D568D47795A9C991AB989AE4C582415F09AC56B2D660EBEA9
blendlib-fabric-consumer-fixture/src/main/java/com/liy/blendlib/fixture/fabric/FabricConsumerFixture.java	untracked	production	1462	0E4A0211B8589B9AA62641C4B5918738BB5805AB1BB092A6F81A21FA3AD2AE1F
blendlib-fabric-consumer-fixture/src/test/java/com/liy/blendlib/fixture/fabric/FabricConsumerFixtureBoundaryTest.java	untracked	test	2303	B2168E05A72BB969847362191CECFC0BC695F53471FB584FF15743071B38ED71
blendlib-local-maven-consumer-fixture/build.gradle.kts	untracked	build	10875	9E71F3840B9444DA069D3928BCD1ECED9A4D4D0092A80B9469F076EF45361686
blendlib-local-maven-consumer-fixture/gradle.properties	untracked	build	150	343F8B0E9221F09825CF3AE61C668FCE9A88BE622203C4C45A7BADA0A975F30B
blendlib-local-maven-consumer-fixture/settings.gradle.kts	untracked	build	572	E98EB3003CD885873871854BA83688B924B772A023BDAC5007E9218868A48C39
blendlib-local-maven-consumer-fixture/src/main/java/com/liy/blendlib/fixture/localmaven/LocalMavenRcConsumerEntrypoint.java	untracked	production	1104	717B70BFB705E3FA4B040C2FD296DDBA5F6C62FB98476B9F8087C4A464C8C692
blendlib-local-maven-consumer-fixture/src/main/resources/fabric.mod.json	untracked	production	581	8A9E5391BD7851779D3472FFEBBB95FB934C026EDD7B8A03155A6C5AFE80D46C
blendlib-local-maven-consumer-fixture/src/test/java/com/liy/blendlib/fixture/localmaven/LocalMavenRcConsumerBoundaryTest.java	untracked	test	1210	580A1702C4D3243086419398C8B7D865386D73970F5A7D90A62F5E1107AC1C1D
blendlib-local-maven-consumer-fixture/src/test/java/com/liy/blendlib/fixture/localmaven/P8CurrentManifestConsumerSmokeContractsTest.java	untracked	test	4520	5DD7D85AE285C3EE30D50894EFB621AC5817EB77D45932894282B2389D8928A8
blendlib-showcase/build.gradle.kts	tracked	build	37487	0E4D43FC7C199F9E4BE93959B398A47008DC021F1A5A1210381A33DBF10C7D85
blendlib-showcase/src/client/java/com/liy/blendlib/showcase/client/BlendLibShowcaseClientEntrypoint.java	untracked	production	6999	6B1EA349801FAAC9E5DFFE367581839CA16E1CF30BB03C9E6CA52721E77BDE8B
blendlib-showcase/src/client/java/com/liy/blendlib/showcase/client/blockentity/ShowcaseAnimatedAltarClientBinding.java	untracked	production	998	37A5B19B525A5F78270C83A5FBAD5B520F5C17F1E5262440A179EACE29459190
blendlib-showcase/src/client/java/com/liy/blendlib/showcase/client/P7BenchmarkCaptureController.java	untracked	production	22501	D48881ADBAE0A21E9942D6D441FC319C78F984312907A93D4E87EC34D1102AC9
blendlib-showcase/src/client/java/com/liy/blendlib/showcase/client/P7BenchmarkCaptureStateMachine.java	untracked	production	4527	BD4A287286B1342EFC79477BA910373BFF77A90B8E6020244ACC90F7FD297DD9
blendlib-showcase/src/client/java/com/liy/blendlib/showcase/client/P7BenchmarkClientBinding.java	untracked	production	3786	BE175603FB51F49F979A2B6EDA9D1ED1DD40B1FE46D203612FFE2C5D930318DA
blendlib-showcase/src/client/java/com/liy/blendlib/showcase/client/ShowcaseAnimatedActorStateSchedule.java	untracked	production	1614	78608F1D6B243F5FB32B05F1CEF37114DBB3B4E8A7575234F850A96781890314
blendlib-showcase/src/client/java/com/liy/blendlib/showcase/client/ShowcaseSkinnedAnimationBinding.java	untracked	production	2787	21A4B20C573870B250AE76015AA419BA933F8CAE0F0B20DF4C7ED70E4A0EAE0B
blendlib-showcase/src/client/java/com/liy/blendlib/showcase/perf/P7BenchmarkReportWriter.java	untracked	production	9291	CE82BDED6328F1E06354BF8A0C4A036F8C79822D928FC40AC4FF3453519AFFB5
blendlib-showcase/src/client/java/com/liy/blendlib/showcase/perf/P7ClientMeasurementHarness.java	untracked	production	2494	093631CC2CD7AB679C92DAF878ACE0F83660D1C094973BD5A060AF9E94D63EB3
blendlib-showcase/src/main/java/com/liy/blendlib/showcase/BlendLibShowcaseEntrypoint.java	tracked	production	1194	D7477624DB128B577B3626274D29E0E3EB890588E9129DC1234D8354AF3BDE6F
blendlib-showcase/src/main/java/com/liy/blendlib/showcase/block/ShowcaseAnimatedAltarBlock.java	untracked	production	1796	677A59837BB1604E1DFD7BD8FD39D866F95FF24871FBDD5B866FC6102D1BA108
blendlib-showcase/src/main/java/com/liy/blendlib/showcase/block/ShowcaseBlocks.java	untracked	production	1395	9BA3E46145CC72AF0C9D9E333B917B157B0B15545CEB01704C66B7977E3F3153
blendlib-showcase/src/main/java/com/liy/blendlib/showcase/blockentity/ShowcaseAnimatedAltarBlockEntity.java	untracked	production	1568	305060039763B241D52CBB0CD041593A9FE09F45ED7F5A790A11491AEC7B3F33
blendlib-showcase/src/main/java/com/liy/blendlib/showcase/blockentity/ShowcaseBlockEntities.java	untracked	production	1246	E005CBB0BCE334334CAC683BAD46A9BD096180AF195B89B5E115741B7E330C1D
blendlib-showcase/src/main/java/com/liy/blendlib/showcase/blockentity/ShowcaseBlockEntityAnimations.java	untracked	production	392	0441905AE8C7716A9BADE4D2AC14ECDB4FA6B310CEDE3853DF8F3F24F9B1DC93
blendlib-showcase/src/main/java/com/liy/blendlib/showcase/entity/P7BenchmarkHostEntity.java	untracked	production	1682	8A70627C8C0F97560F5C834E07C53C2200C3FA18107319B4AB1824FCC9224965
blendlib-showcase/src/main/java/com/liy/blendlib/showcase/entity/P7BenchmarkRigidEntity.java	untracked	production	443	C3B960AD9BDB2CF605DD699864EFDD0237770FC2581A35D7730931B01DDC73BE
blendlib-showcase/src/main/java/com/liy/blendlib/showcase/entity/P7BenchmarkSkinnedEntity.java	untracked	production	452	29873C67E42CC785D02A400126F5AEDE5EFF3B3F9AF27F3C0854AA527868E8DE
blendlib-showcase/src/main/java/com/liy/blendlib/showcase/entity/ShowcaseAnimatedActorAttackSchedule.java	untracked	production	1109	CBDD18A4700498071BA391BD07FCAE3B3CE77CE864D05C35649AAC0425168AD5
blendlib-showcase/src/main/java/com/liy/blendlib/showcase/entity/ShowcaseAnimatedActorEntity.java	untracked	production	2581	E069008398556706CD26D11A8ABBC48C9235E4895EF18E37FD4A11B2F9FBF051
blendlib-showcase/src/main/java/com/liy/blendlib/showcase/entity/ShowcaseEntities.java	untracked	production	6819	3E7AEF1AFDD2C863BE479195AC0073848D6EA515B11F760873FE0F0282C55711
blendlib-showcase/src/main/java/com/liy/blendlib/showcase/entity/ShowcaseP5FallbackActorEntity.java	untracked	production	1660	B4AF476385B833BFF907A543EF88C94FEE7F6FF90388E9DF7BC215E19B220C53
blendlib-showcase/src/main/java/com/liy/blendlib/showcase/entity/ShowcaseRigidEntity.java	untracked	production	1576	8D3BFD08B7B4A7DCDBCC6C4DDD9BB458657A143CA214D23BA838DF892CAFE698
blendlib-showcase/src/main/java/com/liy/blendlib/showcase/item/ShowcaseItems.java	untracked	production	1181	EFD39EBFBCD4B1A9C33DDAA81F73EC5E2A3EB32535AFA4B99F3596849ADE5C39
blendlib-showcase/src/main/java/com/liy/blendlib/showcase/perf/P7AllocationObservation.java	untracked	production	717	EF9A1583D2E2C62EA5D09EEDE67DC0CB90F404517F21C47DA778758CCC5DBAF0
blendlib-showcase/src/main/java/com/liy/blendlib/showcase/perf/P7CacheObservation.java	untracked	production	808	221FF32AAF5C73E082B94F50E1156D69B7F54ACFF13F6244DD1FCC797B40B3A5
blendlib-showcase/src/main/java/com/liy/blendlib/showcase/perf/P7FrameTiming.java	untracked	production	1761	4CDA08F92A619BC41B3DC56FFF4F02450D12294453761B564E870C23BF55350A
blendlib-showcase/src/main/java/com/liy/blendlib/showcase/perf/P7MeasurementRecord.java	untracked	production	926	1A6EE3872568CB3C7816D4F4DBFE147A6A0F59406EFAACC6DED4DEA10EE620C2
blendlib-showcase/src/main/java/com/liy/blendlib/showcase/perf/P7MeasurementSession.java	untracked	production	1590	3DDF1BC8BA62F7873CCB008BF13826D0C7D6A1C0426A6DBF7E3FE6B0BD31B8FC
blendlib-showcase/src/main/java/com/liy/blendlib/showcase/perf/P7MeasurementSummary.java	untracked	production	4430	AB5481CFB1135308D7BEA74F1549086CD40F8BE8E2E1FDF4BCB6A72272E2719F
blendlib-showcase/src/main/java/com/liy/blendlib/showcase/perf/P7MetricPercentiles.java	untracked	production	371	786149560E3E2777343E894AAB41FCC9F04AEA0B54478D36E869B95821A5D657
blendlib-showcase/src/main/java/com/liy/blendlib/showcase/perf/P7ReferenceAssetGenerator.java	untracked	production	21016	C80F9F21A5D05E6EB4C69291225639926933A6B423508B9EF91F86C8CCA47AB2
blendlib-showcase/src/main/java/com/liy/blendlib/showcase/perf/P7ReferenceScenario.java	untracked	production	23501	9EB64A54CA260F4C17307D257F575AA6633609C121D307E2A219E42386C15B4C
blendlib-showcase/src/main/java/com/liy/blendlib/showcase/perf/scene/P7BenchmarkCommands.java	untracked	production	3545	90BC65473C8C0E8838CEF571BE48C6D9E789E78E27B81C3FF5E4DA56AA3B0AF9
blendlib-showcase/src/main/java/com/liy/blendlib/showcase/perf/scene/P7BenchmarkScenePlan.java	untracked	production	6580	4665DC982AC08A93844ECFBED85F2055EAFEECE20BD3AD1CE4B0E39069E66C19
blendlib-showcase/src/main/java/com/liy/blendlib/showcase/perf/scene/P7BenchmarkSceneSpawner.java	untracked	production	5765	9760EE0D3B6596D6964292435AA067DEEC0D3F2ABB4855CCC882DFABA71F6C9A
blendlib-showcase/src/main/resources/assets/blendlib_showcase/blend_models/fixtures/rigid_model.json	tracked	production	698	D5EF584999ED54CE17B798E85D0E31B62B85DB89BC4EE5F820C46806A5A8852D
blendlib-showcase/src/main/resources/assets/blendlib_showcase/blend_models/fixtures/skinned_model.json	tracked	production	711	1A2B5C3B38218DF1D5F95E1D65EFE90EC89EDCCFE399FD6CE5AC2415FC42D012
blendlib-showcase/src/main/resources/assets/blendlib_showcase/blend_models/fixtures/static_model.json	tracked	production	471	613A53D799AF75D2E5223AE8B601F67AD12EBE13105E1C3AD234858DBB50696A
blendlib-showcase/src/main/resources/assets/blendlib_showcase/blend_models/showcase_animation/showcase_actor.json	untracked	production	1412	D2E044E4E2C251E79DF95E6F028AE457DF76630FE3CDE05AA76ABAEA81353A94
blendlib-showcase/src/main/resources/assets/blendlib_showcase/blockstates/animated_altar.json	untracked	production	96	1EC7ABFAF2053B2B58DB80B8BC29E374A194D8767802A3C610925031E3961B56
blendlib-showcase/src/main/resources/assets/blendlib_showcase/items/static_rigid_item.json	untracked	production	88	D928AF6B44CA607F41A2C883A10ABF95A09033E5E58ADC83E96F526680B56EB5
blendlib-showcase/src/main/resources/assets/blendlib_showcase/models/block/animated_altar.json	untracked	production	99	739BA34AFCEA2BCDD06741EA0A853009D60616C0930091A37D1502FA4950EC19
blendlib-showcase/src/main/resources/assets/blendlib_showcase/models3d/fixtures/rigid_model.glb	tracked	production	2740	A2B7F063C8806F3E3ECEEC2533ED8FE84C91F967AC71C25CA59FAF4349A21764
blendlib-showcase/src/main/resources/assets/blendlib_showcase/models3d/fixtures/skinned_model.glb	tracked	production	3416	FE780CA51DB01961BF492279CCD46CEBC55688CC1AD64E67CE98A87596948DB9
blendlib-showcase/src/main/resources/assets/blendlib_showcase/models3d/fixtures/static_model.glb	tracked	production	1248	68747B5C6076728DC1AD367608E9FE5E95C621A2DA5ED02271E0FB021A4A365C
blendlib-showcase/src/main/resources/assets/blendlib_showcase/models3d/showcase_animation/showcase_actor.glb	untracked	production	6492	EF6DCD3426341F984367A8598FA7FC159D85DA17B8F6709AA3B7F4D183615D53
blendlib-showcase/src/main/resources/assets/blendlib_showcase/p7/reference-scene.json	untracked	production	2064	6E78116154D27DC73EE56BB7AAA3DDBCF0D3F3464BFD88236190164E518090F5
blendlib-showcase/src/main/resources/assets/blendlib_showcase/textures/blendlib/fixtures_rigid_model__rigidsurface.png	tracked	production	258	851035D6863E6AEA6A03C7A93D8734872E16918938C6F8B962392C24B25502E1
blendlib-showcase/src/main/resources/assets/blendlib_showcase/textures/blendlib/fixtures_skinned_model__skinnedsurface.png	tracked	production	258	F897760BD5211BECECA9D5EE48046856D53B1726663C9ED4D85688FAFE26DFB8
blendlib-showcase/src/main/resources/assets/blendlib_showcase/textures/blendlib/fixtures_static_model__staticsurface.png	tracked	production	258	EB52D4F6B65D824104C51DFB2F754E12521D273FDB516FDDDD452C7331B59429
blendlib-showcase/src/main/resources/assets/blendlib_showcase/textures/blendlib/showcase_animation/showcase_actor__showcaseanimationsurface.png	untracked	production	262	1110B7C256A8F1100FC659934BFE360340694F98DDE0243D37D6FC8DCDBA8362
blendlib-showcase/src/main/resources/fabric.mod.json	tracked	production	629	6671D8969BAF17FA27FEC8F229CB0F343A1534246ECD1E598EE41978DDB76852
blendlib-showcase/src/test/java/com/liy/blendlib/showcase/blockentity/ShowcaseAnimatedAltarContractsTest.java	untracked	test	3720	4DA8BF7FC0659DB72DB95B825EDC8EB09208419B7CA18970FF71BCBEC75C47CA
blendlib-showcase/src/test/java/com/liy/blendlib/showcase/blockentity/ShowcaseAnimatedAltarResourceContractsTest.java	untracked	test	1947	B51F6D0AF86A0AB1D6CAAF7218C416B2F23D7FB258E7DA5B912B3591F11A3FAF
blendlib-showcase/src/test/java/com/liy/blendlib/showcase/entity/ShowcaseP6EntityTriggerContractsTest.java	untracked	test	3940	5DE9B8E1B8307DBFED051C3ACD22F6C6A797903F7E42EBA2197455915A0F8C0A
blendlib-showcase/src/test/java/com/liy/blendlib/showcase/P6IsolatedSyncRunContractsTest.java	untracked	test	4668	581FC7642E1E6983C1D04B3AFA47E4FF781ED4D490DB78EF8DC2B417D4B69756
blendlib-showcase/src/test/java/com/liy/blendlib/showcase/P8IsolatedSmokeRunContractsTest.java	untracked	test	4792	7CA5B7C5BE87290837B05740AA4B947098E2B0DDC4B92B62B5B023CA612AB2D9
blendlib-showcase/src/test/java/com/liy/blendlib/showcase/perf/P7MeasurementPerfTest.java	untracked	test	2808	72710CD6404FAF67BB9C05BE83C61EF8B75E6147C58E0F9E3D8ED15F1E7018EB
blendlib-showcase/src/test/java/com/liy/blendlib/showcase/perf/P7PerfSourceBoundaryTest.java	untracked	test	9171	5AA16AC6AE2538611CA57A6B20052BE23CFC4FFD58E91BCD8214FF8B119C3FA6
blendlib-showcase/src/test/java/com/liy/blendlib/showcase/perf/P7ReferenceAssetGeneratorPerfTest.java	untracked	test	10096	2E74829BE3D91277E470F798B9C036833DC93D172E79B10AEBE050AA2D933E12
blendlib-showcase/src/test/java/com/liy/blendlib/showcase/perf/P7ReferenceScenarioPerfTest.java	untracked	test	6714	E1F37CF5448B79AD10794BB73994BCC23E33FA853810B6CDA66AB75438C1117E
blendlib-showcase/src/test/java/com/liy/blendlib/showcase/perf/scene/P7BenchmarkSceneCommandContractsTest.java	untracked	test	4060	1A0BF098D9EEA62C7952CD94F732A45D141AC57DBB7826C61C3BF0893AFB49D1
blendlib-showcase/src/test/java/com/liy/blendlib/showcase/perf/scene/P7BenchmarkScenePlanTest.java	untracked	test	3950	F668AD7D617805309F5D57F908B1F8486DD2894E11924826DB78582701CBCAB7
blendlib-showcase/src/test/java/com/liy/blendlib/showcase/PhaseIsolatedServerSmokeRunContractsTest.java	untracked	test	7481	9DA01863CF41E995ABF0F7255EF2A7E6DDBC020F0E07868193781CD61C282F29
blendlib-showcase/src/test/java/com/liy/blendlib/showcase/ShowcaseAnimatedActorEntityContractsTest.java	untracked	test	4901	24778C22087864DC096D6DE03ADBD624B4DF5DE38897D902F71C1DE786A90AC1
blendlib-showcase/src/test/java/com/liy/blendlib/showcase/ShowcaseAnimatedActorStateScheduleTest.java	untracked	test	4936	142DAA832AC7A218613F9663E1E3442BBD252BF56866013CC81DB4E5388D6B00
blendlib-showcase/src/test/java/com/liy/blendlib/showcase/ShowcaseItemMarkerContractsTest.java	untracked	test	1471	4FE434D63AB2CBA75A1C19D54F4AC7B4E303E2792C1F6514F5FAF5326AA97E66
blendlib-showcase/src/test/java/com/liy/blendlib/showcase/ShowcaseP5FallbackActorFixtureContractsTest.java	untracked	test	5920	D79104678112F990E52A2AEEFAFEE1E060D22599501E123992B08F42BD68386F
blendlib-showcase/src/test/java/com/liy/blendlib/showcase/ShowcaseRigidEntityContractsTest.java	untracked	test	2706	712889DF8B6D67CD9FE155E3204787ACCD758AB2E921E61C94C57BEF746B625B
blendlib-showcase/src/test/java/com/liy/blendlib/showcase/ShowcaseRigidPulseEntityContractsTest.java	untracked	test	1948	01F7DEC9D35388A465256589D5551B3560E4DC6F61B6696D8D1FB8FE96B9D2FD
blendlib-showcase/src/test/java/com/liy/blendlib/showcase/ShowcaseSkinnedAnimationContractsTest.java	untracked	test	7645	1FE8547CF362CF2410F25749306190B78F94AAFCCF009C5C183ABEDCB77B0186
blendlib-showcase/src/test/java/com/liy/blendlib/showcase/ShowcaseSourceBoundaryTest.java	tracked	test	5776	DC5897F51EE2C14CDBCF401CD6EDA3ADA8B8D73DB8294CD6AA10DDA3564888CF
build.gradle.kts	tracked	build	62189	07CFE9ECDE9B8710DBFE6D63DCFB83FDCBA2F885613B9B03871BBD5AA9407BF0
CHANGELOG.md	tracked	docs	332	B06126C5945761ACCFBBAAECB18996EFB9FA6CDECE669B02F418E78022F8DD16
docs/adr/ADR-001.md	tracked	docs	531	B625523FC0559B5470FD18752846AC3A03E1722BED9188C29092F4BF78A10995
docs/adr/ADR-002.md	tracked	docs	462	EBB1FD89EEFE6B6D2E0369EF3DFC526B9B2B08D857AEDCB3790C88F8C5A6CB31
docs/adr/ADR-003.md	tracked	docs	547	53195E01C56B96DAB1566050BF7DA3AC8E39FBB896015F5A73FECD2764A4106C
docs/adr/ADR-004.md	tracked	docs	539	005A3C181FD9E1F26A2A422D3CB8022B5D63CE07572E70F22E085FA8CED47E7E
docs/adr/ADR-005.md	tracked	docs	598	D02D038A0A2AC6B1F8324F616CE5ADE08340595B48DEB37A62CA9BA911E9B717
docs/adr/ADR-006.md	tracked	docs	442	72707C984AFF7870FAA678BBDEA4F9CD456BAC255F6AE50856D8396EB90CF3EC
docs/adr/ADR-007.md	tracked	docs	452	4CC0623A060F79A72EA30B5B9CF522E9FE7FB00031D7EAD24D15A2D69E5873B3
docs/adr/ADR-008.md	tracked	docs	608	74CA6CC651BA320277174F137CEC466F1444213C78F64B6779E19316EDEE84DD
docs/adr/ADR-009-temporary-extension-license-metadata.md	tracked	docs	1471	5990190367E4410FF2F7D347AF442A1FCE71080609FFC5353E86B85A6310DE38
docs/adr/ADR-010-p3-diagnostic-code-assignments.md	untracked	docs	1456	4A83B6765A6EA2015EB5CA52BAB1B5C88ABA95352583B928603DD03F66F26CD1
docs/adr/ADR-011-p3-khronos-fixture-provenance.md	untracked	docs	2871	A4110DA1BB1AFE852440A49253C3C10E342B799CC3195D7ECFF1F0BA58C84E78
docs/adr/ADR-012-p3-performance-warning-code.md	untracked	docs	1055	0E2A072A96A19255EAC2E70748C3F006B17BC54291BE83CAC3DB0917906DB422
docs/adr/ADR-013-p4-item-special-model-registration-26-1-2.md	untracked	docs	3037	8F9F996594189AD5C9B74DBF921C80472C4CDFE9D00C2D8F9651E4FF8944EDEA
docs/adr/ADR-014-p4-material-culling-and-emissive-26-1-2.md	untracked	docs	7710	EF22011BAF198B14487ACABF31BBD3C2E4BFE5C95E9BC48CAE37BF92B82A4287
docs/adr/ADR-015-p5-active-scene-and-animation-runtime-semantics.md	untracked	docs	4373	947FC827ADB7360516D4BB8067F3001325C84D410101AAF2F6809C617483FA1A
docs/adr/ADR-016-p7-material-extension-and-public-render-pipeline-revalidation.md	untracked	docs	5146	5261743D820E75E792CA4C5C2991D720E42A49C086CC39D7ABF46E0E4E0999A1
docs/adr/ADR-017-p7-reference-scene-visibility-semantics.md	untracked	docs	5696	C80DB8E9F2F1FC30F670379113E6A2A7F4BD4F491BE42BBB4C72B10010AFBF2D
docs/adr/ADR-018-p5-showcase-schedule-provenance.md	untracked	docs	5978	2AC794C3D495BE9D97A8000FD813C48265FB94A223A35DBBBE8A3FE598230AAE
docs/adr/ADR-019-p4-cutout-single-sided-public-cull-correction.md	untracked	docs	5144	1188810629D9BF2A3D1E94E957180E7DA82C48F1B723D2EEBB61FA826AF0DDE0
docs/adr/ADR-020-p7-teleport-command-syntax-correction.md	untracked	docs	3842	ACE1672F6392BECE9D7DA03CF76C06E3B12CA3FF3AF419A1AF3A305F1E43F0D7
docs/adr/ADR-021-p6-deferred-receiver-level-epoch-guard.md	untracked	docs	3572	12BE721298ECBC971D02BD8F00E568D984C666913099CF3C49B601EBBA9BA455
docs/adr/README.md	tracked	docs	2353	1E9A6EFC48565003E8CE856570D91547A8CBB1C327066BB1AF08F307C8B659E7
docs/api-stability.md	tracked	docs	1500	9E377B1D534BD86DB96364E0CDCEA877FB354DD035581238E941A708242FD484
docs/architecture.md	tracked	docs	13388	3B0E16BC1A20F8874AF59076F82001F607A26ED9B2A4B5E0FEC03D1BC1416D5F
docs/contract-baseline.md	tracked	docs	2795	B159633AC52EC679312683EEC23F8720EF39A2C817B68D989E624B8BC0DAFCE0
docs/design-v1.md	tracked	docs	16726	E30960F97F6073A8C445748B64ECE7CB59A18B680FC6A78230EA036BBC108E81
docs/error-codes-v1.md	tracked	docs	4327	C6D947150ABC669F2AC36A426EE324C74F6A3CCF899B59DE0BBDC5460A4CC9B2
docs/evidence/isolated-server-harness-p3-p4-p5-p7.md	untracked	evidence	4208	34011B7382B8556A7BD5A892C92D9E3D0A1C3FC9CCEDCFFED77F681E1D0309BD
docs/evidence/P0-gate.md	tracked	evidence	2616	AEADD1737EB92901BA3E11CC686B7139E29D01D02006DEF4420E570CCAAA8E53
docs/evidence/P0-precheck.md	tracked	evidence	1172	15D8CE0E874CD4BF07B8CC317EF783DFA93D2B19591C42CEE4B0348E622F2C55
docs/evidence/P1-implementation.md	tracked	evidence	4536	960596D5A5CA192A437E3CC917CB8453A289AE4426518D38477CE790446774D3
docs/evidence/P2-implementation.md	tracked	evidence	12663	4591468A67E53A74BB2545CEECDE3776325EC8F3010805D6C4CD99739C8B5331
docs/evidence/P3-implementation.md	untracked	evidence	7846	A842FAEB265F353B34FEBDA2232C64D40930616249A3FAE84CB61337C38B6619
docs/evidence/P3-isolated-server-smoke-2026-07-30.md	untracked	evidence	3107	3209A4552FF5854C72A67FAF0AF751AB9AC840330313AF5E0BCF8CE352B043E5
docs/evidence/P4-implementation.md	untracked	evidence	16054	8916BCAA39EFD6A71CA25BE10907537299BC1B8A14DA07DF13A715A5E43F8AD0
docs/evidence/P4-isolated-server-smoke-2026-07-30.md	untracked	evidence	2153	0789CA4A18F086DC4C90DF5CBAAE41E6C84E1A624DD54EE2EDBD0D30BA86D7E8
docs/evidence/P4-manual-client-2026-07-29.md	untracked	evidence	6600	AA23053C7496D8B31DCEDE51FE767E48C31528611173C9FFEA7728DE9A620654
docs/evidence/P4-material-matrix-fixtures.md	untracked	evidence	4635	17321DBEA8A91ADC6680DA53BAA2ECE85FA17F91FF1CCEA3BA34BC231715CB49
docs/evidence/P4-material-matrix-real-client-2026-07-30.md	untracked	evidence	22405	B4041DFD1B29A4B5CC2072637D107A08711CF2498AD87F7563015E6207A3C3F3
docs/evidence/P5-canonical-golden-tests.md	untracked	evidence	2393	AD37A4239F374682E5CD07DEF1D1356DC5690B5E06EED51B63A473AB94BBCDDE
docs/evidence/P5-client-disconnect-crash-remediation.md	untracked	evidence	10503	889AFBF1DC548D5CB86492E8F7E1D8ACE242C048B68F4F2223305036E8344DFB
docs/evidence/P5-fixture-preparation.md	untracked	evidence	2461	C85C506B216BEA16C49036E60C01DEEA5F650DC7507D66E35DE6AE40649DF62B
docs/evidence/P5-implementation.md	untracked	evidence	24015	1058CBDD70FE050FC9F2B0FEFB85E4F25A76800B6617F588C95021F81804E1A8
docs/evidence/P5-isolated-real-client-2026-07-30.md	untracked	evidence	16649	7D46DE1F0A0D4BB7A24C8FDC51CB61B8719D76C10396A661AA0735B617A07EE2
docs/evidence/P5-isolated-server-smoke-2026-07-30.md	untracked	evidence	2205	C5DF7D6BC9AD1EA00F5667020E56F2F2DD749D58943E12F95DD573C72A899644
docs/evidence/P5-showcase-animation-asset.md	untracked	evidence	6709	ED932041DFB1A17ACBB6B588ED6CCBEF9CCB0B845FBCF2B064DBF76C82BE1B95
docs/evidence/P5-socket-marker-crash-remediation.md	untracked	evidence	4550	D914B64E03FC3CA5594D4F27F9625F3680399D41C860A1B91F450C9CD37B3FE1
docs/evidence/P6-deferred-receiver-epoch-investigation.md	untracked	evidence	2075	A54271B04B896499251A9EA4F4F77DD6B8513C4F641CFB9DC96D18880D600E75
docs/evidence/P6-implementation.md	untracked	evidence	4690	5D276F81FD0E5DB2AAD0C0FCE5D609AF7BD615C05FE27A8C99A878AAE9BE150A
docs/evidence/P6-isolated-manual-run-2026-07-30.md	untracked	evidence	5653	1623869A5E1874CF51DD768315B3C2B697EB4B9945FE0F844089E32BBE60EED7
docs/evidence/P7-adr020-host-relief-startup-failure-2026-07-30.md	untracked	evidence	3690	4D5F64D8E0EACF48A09CE98367E7C23E48696D66A6D00A943516258A1F762B36
docs/evidence/P7-benchmark-scene.md	untracked	evidence	6659	756D943590D66078AFE28BF5583A995CB0E9FA5B9407A8089E25D2702758083E
docs/evidence/P7-implementation.md	untracked	evidence	11537	CC3A2BE490577CDCDD633372DBD78145531A4468249588ED08720F6F567DA3E8
docs/evidence/P7-isolated-server-smoke-2026-07-30.md	untracked	evidence	2332	7CF8EB406D8C960309AEF8A6F830D85A7859C39328432B05762E3C178F3D1117
docs/evidence/P7-performance.md	untracked	evidence	12449	F23A18981BED8EBCEACB5A3B0CE9182A264B7456375AE6B733338E98498A6AAB
docs/evidence/P8-26.2-spike.md	untracked	evidence	3779	65AF7ECBEDEC11D3F94E9A7FAA19C309F65C96A14FE23620CED22B0CB7FEF5B9
docs/evidence/P8-current-artifact-rebind.md	untracked	evidence	13118	F82826C4F12F18BCBB9EF456C1B2ECF30B79F5E52FDF91AE25A4B4E64B4864B0
docs/evidence/P8-current-manifest-server-consumer-rebind-2026-07-30.md	untracked	evidence	3120	76F84E763EAB8FD2D9C54DB0D0192FB43C6CF161169BE37863CFE7F0BD01B5F8
docs/evidence/P8-docs-legal.md	untracked	evidence	4193	CF2424169459BA1C55B53DCA73C1DA6BDD56A95E0F85DBE700D9C6454049B96D
docs/evidence/P8-isolated-smoke-harness.md	untracked	evidence	9052	359872D5AE3B09043D2F74C5392813CE78F95AC5ACE228E5C94EDC7DFCB6E122
docs/evidence/P8-local-maven-consumer-server-smoke.md	untracked	evidence	4594	9DC6BCD5C7223C1A50297B35E92DEB20068899531439BBBCDECA33390AA96813
docs/evidence/P8-rc-artifacts.md	untracked	evidence	5976	718821B2DB72C97BF4BBA755ECDBBB8C57BC8DE3B0E3B26023D2F63C7E8AC5CB
docs/evidence/P8-showcase-client-startup.md	untracked	evidence	5224	CBFFC11EFEAE2C36C0A5DB57FC57FA0D654528EDBAEA39C9FB2E6F89B8B5A2F7
docs/evidence/P8-showcase-server-smoke.md	untracked	evidence	3759	EA8307A67E1A30BC83EE0A2EBE14C57473780C52D6457678C94662055A46B9E8
docs/glb-profile-v1.md	tracked	docs	2069	ABFFFFBC9F7D4DFFDE9FBE64910193EDECABDEF9DFE9EA3EC2D2EB1224C1B92B
docs/implementation-plan.md	tracked	docs	17515	B09E90D335503F4658F11619142F1AF555F78B1BEDA46D59384A790A6FBE5CDA
docs/implementation-progress.md	tracked	docs	96871	E8DE72E2C83D71B90BA28FE965818135E6FB76BDA97405C9D4CA2116D7471D2C
docs/manual-client-acceptance-v1.md	untracked	docs	13348	0F010DAFEFB1E29F598B4D25C2CDF43E229E270C16F55C903CCD107871BCAFE9
docs/manual-p6-sync-acceptance-v1.md	untracked	docs	6569	18A104C4C01D8DEFD6909AC755C2769665E5A0D3D0ED1A1A77C03851422D2204
docs/README.md	tracked	docs	3444	0BFCEF0F3218BE82E4524DAAA3934A05A61113ACAB915A9A29C1B9F9503EB4CC
docs/release/blender-export-checklist-v1.md	untracked	docs	3424	33B76C79304F3E4E59FEA5CEEF3AD96EF6649A22DFF3EBEB707AD63C3C8D1D86
docs/release/developer-tutorial-26.1.2.md	untracked	docs	5438	7ECE94DD1A2DFC3B4AF6B857ED5EB2EA2DDE305715F621CFD2B2CFB86EB2B3B2
docs/release/diagnostic-troubleshooting-v1.md	untracked	docs	4146	66DADB7B73B0D9C1E13C715B9CA32DBBF5C353B9AECAE4177E4AD5D82CD06A68
docs/release/local-license-metadata.md	untracked	docs	1577	36CC0ADBE7BD4B8B1943D8E0DBC91C7E29185013D347C6F539713449D168947C
docs/release/README.md	untracked	docs	2233	524F975E97999FB2B6AA3BA0048789228AA295A5788D1CB2B5F7E50E2A2C1B6D
docs/release/schema-and-api-freeze-v1.md	untracked	docs	4291	B5EB9D54EA3EBB068659EDDF7282B52CAD0A3014323003D17626321D5C4D98B0
docs/release/third-party-license-inventory.md	untracked	docs	6144	7F7ECB058B073E3C368794B4C6D0D75B534748232CD7FCD0C68663CD3C22DFC3
docs/source-design-provenance.md	tracked	docs	1527	BBC69BC599BA1FC95858BD28ACFF9FC7F60A6904035DF16217E379592CFAD673
gradle.properties	tracked	build	291	02338BEE4D9B3E6985365DA9EA98E6C0E5DB1C6E352B3B0B2CD17296366F8BEB
gradle/wrapper/gradle-wrapper.jar	tracked	build	48462	497C8C2A7E5031F6AA847F88104AA80A93532EC32EE17BDB8D1D2F67A194A9C7
gradle/wrapper/gradle-wrapper.properties	tracked	build	281	E74D4F107D2FEAB989B9A041A02E2D2B85567FF48415C9C7ADD5ECC19ABD19F9
gradlew	tracked	build	8656	A5A5C199BA02189AE8C46A334223371A20599D9C298EF65E7540EDE4A3F72D59
gradlew.bat	tracked	build	2848	D539676C48B596AFDA64C963EC8F7EE56C7B3FE7E3B81D1DBE2D1A1E3DD9E9F8
LICENSE-PENDING	tracked	docs	793	0910C799ED9B46E09FC97570C1B06C4FE3C1249330354992B738D5DEA608E129
README.md	untracked	docs	1707	B30AA960FED47DCB5100E3E0C2B269A04BF82883C533749799AFB94D345FF645
schemas/blendlib-model-v1.schema.json	tracked	schema	4919	2CA3EC1C4F721DC5683521DB3293CEB4B9A36BD81BDB9858FCE2C3F73673F09B
settings.gradle.kts	tracked	build	518	11EEFCCF3450B520D23B0B80071149343779475BA395986B0A02EC46DB264A07
spikes/fabric-26.2/build.gradle.kts	untracked	tool	4079	33D02ACE8DBFA77635511A7F4DBF486AE50F0718F24675EAC5B2D30AEE1ADD9A
spikes/fabric-26.2/gradle.properties	untracked	tool	209	E7B230021EEA2D2CF1105C139CDB0490970A74DD6E6CCAA39E32CED2484F2075
spikes/fabric-26.2/settings.gradle.kts	untracked	tool	321	6DF0853D21291FD8A934746EC50CB584C46A6DF0798473920E0F000EBFCEC796
spikes/fabric-26.2/src/client/java/com/liy/blendlib/fabric/v262/BlendLib262SpikeClientEntrypoint.java	untracked	tool	634	37FE8615867FC3F2CD356C8CDDC559BA5F9C62B03C6307F1988FD54336E22708
spikes/fabric-26.2/src/client/java/com/liy/blendlib/fabric/v262/client/V262StaticPreparedHandle.java	untracked	tool	8150	261EFC32656BF031239BEDA55D7E9953C7E64CE93F309116F8B6DDC201FFDF80
spikes/fabric-26.2/src/client/java/com/liy/blendlib/fabric/v262/showcase/V262StaticShowcase.java	untracked	tool	1015	C3A25F22BB82E3962A96ADA401F92A6B6FA5223A5BFAA94C9A785938636668CC
spikes/fabric-26.2/src/main/resources/fabric.mod.json	untracked	tool	488	5A88A63CFFEB4B9E3D24EC0D1887F7142A2DAF3104553C4A6AD78550368C7636
spikes/fabric-26.2/src/test/java/com/liy/blendlib/fabric/v262/showcase/V262StaticShowcaseTest.java	untracked	test	13283	58A79F16817ACFBF9906D1B1822F95472C896A3848BA79D23D42E5351E74DB5B
test-assets/descriptor-example-v1.json	tracked	resource	1259	A65790CEDAC0C43811C13275664B3A04EEAB1C0B21D851017ECB913400E8E18A
test-assets/descriptor-invalid-base-color-dot-segment.json	tracked	resource	414	CC1FCB8CCD9C95313BAD93C96B3074E0568E4806545FEB6B67886DEF35E1045F
test-assets/descriptor-invalid-base-color-double-slash.json	tracked	resource	422	74C8A710CD2BE39D34152DDBF34200C415D6D44A0DAB2A50154896CDE8A310E1
test-assets/descriptor-invalid-base-color-embedded-control.json	tracked	resource	419	5880BFF271F98725433785609E6697698BD9924A9624A55FC43006853D5936DD
test-assets/descriptor-invalid-base-color-embedded-whitespace.json	tracked	resource	419	908B278DD4F137F1F85487F99C37BC5C6CA7C8D216580D04D3FC6881DDC20B8F
test-assets/descriptor-invalid-base-color-leading-whitespace.json	tracked	resource	414	3CF2C4DD83490B3ACCA31665475F7DA967013D21E7F3BF7D0AEC068871BE12D7
test-assets/descriptor-invalid-base-color-parent-segment.json	tracked	resource	419	930B71838056762F0A162E428F49CF21825A49B40743672FC83FBAFF1D0AA228
test-assets/descriptor-invalid-base-color-terminal-crlf.json	tracked	resource	417	62D357D8C941C6993A7323FCB4E7B82D18AC097D9FDBFA151962009243F17D22
test-assets/descriptor-invalid-base-color-terminal-lf.json	tracked	resource	415	C733860CE4E47009332089C5F7DB3BD86FF1880B80B09E1AA6F65D0FA3454AAD
test-assets/descriptor-invalid-base-color-without-png.json	tracked	resource	450	1A6A8EE8104E73CB49131C1608E6CF97E03DE91108EE6F9A25FA9E51C13ABB5F
test-assets/p3-smoke-run/server.properties.template	untracked	resource	410	C27111D970628FC3FDA82ADD47EFC2E228588D39ED6B8803C667EDFDCF225DB1
test-assets/p4-resource-packs/malformed-missing-mesh/assets/blendlib_showcase/blend_models/fixtures/static_model.json	untracked	resource	453	12AF148EEFD390FC5BC4E9D90B5D53060CE5642978A9E318F44D423EFF8A60B7
test-assets/p4-resource-packs/malformed-missing-mesh/pack.mcmeta	untracked	resource	150	71BF27A302FCEA76127786B76752DF581B5991079AEFAC9533D6E5535D3F5C89
test-assets/p4-resource-packs/material-matrix/material-matrix-v1.json	untracked	resource	7193	A254E2076F8AB80C7E62DADDE94678753E31077FCA700C47AF898AC094CBA791
test-assets/p4-resource-packs/material-matrix/README.md	untracked	resource	6039	5F97494DF92A682958C3E005702B1453F426BFADD0591A8B91A9FB45A034D652
test-assets/p4-resource-packs/material-matrix/rejected-additive-double-sided-emissive/assets/blendlib_showcase/blend_models/fixtures/static_model.json	untracked	resource	449	046EACF02F53E6DEFDE34200D2411A008F983B0FB80081EEB1DE625B94D685DC
test-assets/p4-resource-packs/material-matrix/rejected-additive-double-sided-emissive/pack.mcmeta	untracked	resource	155	1783A92E62F691A9CAFF5554926E4831D2F0FDCB7EA04DA895B7523DED4619DC
test-assets/p4-resource-packs/material-matrix/rejected-additive-double-sided-lit/assets/blendlib_showcase/blend_models/fixtures/static_model.json	untracked	resource	450	9FC184ED992A69139DE8D533023D9B61CA964544D4ABD1862EB1A0128C792011
test-assets/p4-resource-packs/material-matrix/rejected-additive-double-sided-lit/pack.mcmeta	untracked	resource	150	5D7A23EFFEED0FAE49A0EB79438C8C41E8E708EA27E5B8448F88613722B0EA1E
test-assets/p4-resource-packs/material-matrix/rejected-additive-single-sided-emissive/assets/blendlib_showcase/blend_models/fixtures/static_model.json	untracked	resource	450	DA90FDED06D8E778E6DA56A75FEA9A21573A116FB9926168EF0F3F85B6D8ECF4
test-assets/p4-resource-packs/material-matrix/rejected-additive-single-sided-emissive/pack.mcmeta	untracked	resource	155	D5B098C677E12109A3961CAAE13D409453A070645CCEB6A2C0790C4725C1D012
test-assets/p4-resource-packs/material-matrix/rejected-additive-single-sided-lit/assets/blendlib_showcase/blend_models/fixtures/static_model.json	untracked	resource	451	BFA2FBAC93EB6FBA6BB76D56FB93084EF21750C73CFC741D6888DEC0F873662F
test-assets/p4-resource-packs/material-matrix/rejected-additive-single-sided-lit/pack.mcmeta	untracked	resource	150	04BDE681EA38DB058E6FF94E3BC7322084056F32BAF725808A2D9C7CBBF87577
test-assets/p4-resource-packs/material-matrix/rejected-cutout-double-sided-threshold-025-emissive/assets/blendlib_showcase/blend_models/fixtures/static_model.json	untracked	resource	479	0582E805A0103D4A49EE5074000E3E8F7CFAD76E8DE53FCBDCEACA67EDEB82CC
test-assets/p4-resource-packs/material-matrix/rejected-cutout-double-sided-threshold-025-emissive/pack.mcmeta	untracked	resource	167	7CAA8634FBC0D0431792C7CE3323A89C74D6F17729D5A27A5C28B18DE8AE5CC0
test-assets/p4-resource-packs/material-matrix/rejected-cutout-double-sided-threshold-025-lit/assets/blendlib_showcase/blend_models/fixtures/static_model.json	untracked	resource	480	A7DF30F0D14538FE71CBE3A40A9D5B06CB4176F3A05BB636BE4350BE717A1DB3
test-assets/p4-resource-packs/material-matrix/rejected-cutout-double-sided-threshold-025-lit/pack.mcmeta	untracked	resource	162	0BC910168F7BD1B1650424825C7C52AC919FB955542F2BCED09F951D252F972F
test-assets/p4-resource-packs/material-matrix/rejected-opaque-double-sided-emissive/assets/blendlib_showcase/blend_models/fixtures/static_model.json	untracked	resource	447	5C93D3E76DF2FDF8C6A3D0588CB8A5DD0B6F762E51FB095CDA9CB7D92D882DBC
test-assets/p4-resource-packs/material-matrix/rejected-opaque-double-sided-emissive/pack.mcmeta	untracked	resource	153	7B0E1F512F2F3422223A535164186C8910EFCD87FD7AEEC9AA3063EEAB359054
test-assets/p4-resource-packs/material-matrix/rejected-opaque-double-sided-lit/assets/blendlib_showcase/blend_models/fixtures/static_model.json	untracked	resource	448	84198FAB163689E897A87CC01DF6BE67ED63AD4D74F01E229F0C2BFA564352C9
test-assets/p4-resource-packs/material-matrix/rejected-opaque-double-sided-lit/pack.mcmeta	untracked	resource	148	8AA90FB16678E9DAC3A8E1B92AE4245A956D1A4E48F9A76D57B7D3429271B6BB
test-assets/p4-resource-packs/material-matrix/rejected-translucent-single-sided-emissive/assets/blendlib_showcase/blend_models/fixtures/static_model.json	untracked	resource	453	5EF1929864745F47E16ABF8C349EEB4B00E58D7C0F31EF74E5E0CB53665150B7
test-assets/p4-resource-packs/material-matrix/rejected-translucent-single-sided-emissive/pack.mcmeta	untracked	resource	158	D6677683109CB913D8B7E1B6357F32DD7D1BC488F77039028F4DD803611B9905
test-assets/p4-resource-packs/material-matrix/rejected-translucent-single-sided-lit/assets/blendlib_showcase/blend_models/fixtures/static_model.json	untracked	resource	454	CBA73507DFDAB9D48BF28FB4C41C3EAAA21E24CFA54D5AAEEED907F6EBB58819
test-assets/p4-resource-packs/material-matrix/rejected-translucent-single-sided-lit/pack.mcmeta	untracked	resource	153	8E0FAF6265F79CA9C2C631C9A759FACF9E67B62F1822B3D2D2B3008FFBDDAFA9
test-assets/p4-resource-packs/material-matrix/supported-cutout-double-sided-threshold-010-emissive/assets/blendlib_showcase/blend_models/fixtures/static_model.json	untracked	resource	478	764446AB9DA1C09504E523B44C0C74F34C55FC4CB843DCC1A1F065D476A96D9B
test-assets/p4-resource-packs/material-matrix/supported-cutout-double-sided-threshold-010-emissive/pack.mcmeta	untracked	resource	168	B5481D2C632D6C7B36A9037689B5C39DE99D85DC947D18DAD4A56A6CA158A2BC
test-assets/p4-resource-packs/material-matrix/supported-cutout-double-sided-threshold-010-lit/assets/blendlib_showcase/blend_models/fixtures/static_model.json	untracked	resource	479	45F0CFD3C72FC5B83E1E82D82C3689FA471F726CBA72D9B4E0D5689E3ED7D80F
test-assets/p4-resource-packs/material-matrix/supported-cutout-double-sided-threshold-010-lit/pack.mcmeta	untracked	resource	163	A243BB8E11D2E5B9AC31D09BD95C2A5F82BF27EAA7E1BB5B991B10177BF9F561
test-assets/p4-resource-packs/material-matrix/supported-cutout-single-sided-threshold-010-emissive/assets/blendlib_showcase/blend_models/fixtures/static_model.json	untracked	resource	479	D3206AA20B6AB483D91F4C7836122CB1D0A7E25A0CDA6329261CD65860F391C7
test-assets/p4-resource-packs/material-matrix/supported-cutout-single-sided-threshold-010-emissive/pack.mcmeta	untracked	resource	167	4891A6D719C558CE4B7C41993B1794D92B40B658625F79C4B63D11CAE0D2BB74
test-assets/p4-resource-packs/material-matrix/supported-cutout-single-sided-threshold-010-lit/assets/blendlib_showcase/blend_models/fixtures/static_model.json	untracked	resource	480	67573CA26338121D6FE193D15F79F33C159822F203E191492EAFB8943EBE253F
test-assets/p4-resource-packs/material-matrix/supported-cutout-single-sided-threshold-010-lit/pack.mcmeta	untracked	resource	162	3255B6CB7D8DCCDC3553290E1B2CC5BF443417225B46763B190C7824EEE55B36
test-assets/p4-resource-packs/material-matrix/supported-opaque-single-sided-emissive/assets/blendlib_showcase/blend_models/fixtures/static_model.json	untracked	resource	448	659CFF720E01A64334ABD009CF4D38FA6DFE4408CF9C4DB6532AF59EFFE32E72
test-assets/p4-resource-packs/material-matrix/supported-opaque-single-sided-emissive/pack.mcmeta	untracked	resource	154	FF93A286BC412C835363B13379E7F60EBEE684B04EA61AE1DFB32C03B7140F68
test-assets/p4-resource-packs/material-matrix/supported-opaque-single-sided-lit/assets/blendlib_showcase/blend_models/fixtures/static_model.json	untracked	resource	449	DAA0FC7B13313CFC6C30D29B927946D7A5ED9A3A900580540A5AAED8327CCFAA
test-assets/p4-resource-packs/material-matrix/supported-opaque-single-sided-lit/pack.mcmeta	untracked	resource	149	B0FFC6645B5E95AECA8C6307F6760D88FB096261DAAE1FE9A7A8F5F0599FAA06
test-assets/p4-resource-packs/material-matrix/supported-translucent-double-sided-emissive/assets/blendlib_showcase/blend_models/fixtures/static_model.json	untracked	resource	452	9BC206E8257A2D7D2B2E1565FC089E76FE48DDF10B877A426FD97754223FEE5E
test-assets/p4-resource-packs/material-matrix/supported-translucent-double-sided-emissive/pack.mcmeta	untracked	resource	159	FFB0F9D70041057518A0DDCB9B9AE2BF41344A722E743E8856AC4C4275138F8E
test-assets/p4-resource-packs/material-matrix/supported-translucent-double-sided-lit/assets/blendlib_showcase/blend_models/fixtures/static_model.json	untracked	resource	453	86101A122FF61480ACBE2933C7DFA85DE305996370383793D6F98484DECD1DAB
test-assets/p4-resource-packs/material-matrix/supported-translucent-double-sided-lit/pack.mcmeta	untracked	resource	154	23DB80D30DD596DB6D36C0CC62F5E5ADD92E57A53EE17CA844E9922E9DF20957
test-assets/p4-resource-packs/material-matrix/verify-material-matrix.py	untracked	resource	13878	944884DC723E2472D21A9B71AB6E8314DE83E3B0D3508567B9552C43F60E7EE1
test-assets/p4-resource-packs/README.md	untracked	resource	4190	99F3A803F76FA7239F12F36C11FA58A3E20CE6D5F5787991B3C7D428BDE2D23F
test-assets/p4-resource-packs/valid-override/assets/blendlib_showcase/blend_models/fixtures/static_model.json	untracked	resource	450	6E8A0A15E7994AD5F33B759900FBEA33BB69838BEC560D66B790798480341344
test-assets/p4-resource-packs/valid-override/pack.mcmeta	untracked	resource	145	E11FC0847CCB7A0D0C9166F013F3E5EDA65B237FBDD3325C31858A831D56EA60
test-assets/p4-resource-packs/verify-p4-resource-packs.ps1	untracked	resource	5904	1122CF9D9F77894A4E7DD921DEE6B9441817AB24E9F224A3E7B873482F400BD3
test-assets/p4-smoke-run/server.properties.template	untracked	resource	413	CAB5AEAB7BF4D0920E61AAF460C3EAB975F6F4BA23D7F728BE26758E6437C6AA
test-assets/p5-smoke-run/server.properties.template	untracked	resource	413	CB835A3044FB97A684770A045066215C9C1A94AA2065785E1D0C4BA0E4413AFE
test-assets/p5/golden-scenarios.json	untracked	resource	6037	AF5E12FF94A1DD42D6BE16DB85738DE57AC2E6B7B14FB9C6A3A88F4258A34F00
test-assets/p5/manifest.json	untracked	resource	6877	1D899CC3C345376CADED7FCBE5146104CE20C77AFDD5142F1F2E84860BE43A77
test-assets/p5/README.md	untracked	resource	2177	0C8868B6598F33E64C135C76B828D25C5F6E960ED5D4DE3958E74BD92A5996AF
test-assets/p5/verify_p5_fixtures.py	untracked	resource	16213	C9F679663535AE7E298CDA8CD289FE05D4F4190656A642971ADAB8AD35CCDD43
test-assets/p6-sync-run/server.properties.template	untracked	resource	418	3E2E4DDFDE9AE65974043BED68346E0EA7051A66C4D62C5BDA1F51CB31A20949
test-assets/p7-performance/README.md	untracked	resource	1797	7702C992B84261E7EDAE351A7CCC27FC4839B3C4D03C5D9F72ED68836BB0185C
test-assets/p7-performance/reference-scene.json	untracked	resource	2064	6E78116154D27DC73EE56BB7AAA3DDBCF0D3F3464BFD88236190164E518090F5
test-assets/p7-smoke-run/server.properties.template	untracked	resource	413	89B7EEF89ABD9D26C7A97D9110B25FE6D1AE71959B6A4507AAF72AEEA3A8C1BC
test-assets/p8-smoke-run/local-maven-consumer-server.properties.template	untracked	resource	504	065C489993225351625C8AD4389AA6A5F07905085F6CC0E36441F6390CAEA436
test-assets/p8-smoke-run/showcase-server.properties.template	untracked	resource	475	73B09DEEB475564EA345F67233D99F06CD8401E4C49E60E0BBA668126887B895
test-assets/README.md	tracked	resource	2047	71FF3492C677D93A488BC151D3E4566F7737CCD9CDC063B70CBAF071BAAB7467
test-assets/rigid/expected.json	tracked	resource	490	CEAB1DF1C49837AAAA42CDD6BA475C357C923383E92488FC1BB28683355AB341
test-assets/rigid/export-report.json	tracked	resource	4344	22DFA1F7443A42A8902834E1A7DF7B87E7C100DC3506164587118916779B0D3B
test-assets/rigid/golden/sha256.json	tracked	resource	607	0110714646B8B1CAE67459C4736F6B88D0AF547F7177E9D7A200D5258D0F0BE3
test-assets/rigid/golden/structure.json	tracked	resource	2255	2976860E795F2C8773565EEDFB61AAD4581A02FB51D36284D8359FEB9D1690ED
test-assets/rigid/source.blend	tracked	resource	90044	3FC31F2445E0652ECFB43BBB4ED9949260415BF930825F4303C8A369941C82C8
test-assets/rigid/textures/rigid_surface.png	tracked	resource	258	851035D6863E6AEA6A03C7A93D8734872E16918938C6F8B962392C24B25502E1
test-assets/showcase-animation/create_showcase_animation_asset.py	untracked	resource	11626	A7F453466710E03F825B1DA2206A990F50EDEBE86952AFD932F27112DF03ED2A
test-assets/showcase-animation/expected.json	untracked	resource	1653	4ED82E508FB96AF8B5966CFE58DDED2380A10E2534D435191C71A4F6E43CF808
test-assets/showcase-animation/export_showcase_animation_asset.py	untracked	resource	14042	F73DEE77331D69394722C525B3346ED6F62C8764D54F76DCA50937058E233BB3
test-assets/showcase-animation/export-report.json	untracked	resource	28609	626F50F969B0F23122CC5A4F96F5890CBA3B77EA6BC44AD28CCB869FD0A9B180
test-assets/showcase-animation/golden/sha256.json	untracked	resource	596	967E9281B33028880139FFBA696537B053A33458A890F42824477E1715A2607B
test-assets/showcase-animation/golden/structure.json	untracked	resource	24575	DC175F746749C193AC13A1626584613DEC3DB17A1D9AAB784370A6F84DDBC380
test-assets/showcase-animation/README.md	untracked	resource	2130	8AB5A3B390B60C6A1DE21B992754225A31709810322AC55E819986D1FC7DB573
test-assets/showcase-animation/source.blend	untracked	resource	90065	3CE143F190A2D8EAC25DF4392FDD0CE3DC61A4C397FC62BA3F1BF7920C857511
test-assets/showcase-animation/textures/showcase_animation_surface.png	untracked	resource	262	1110B7C256A8F1100FC659934BFE360340694F98DDE0243D37D6FC8DCDBA8362
test-assets/showcase-animation/verify_showcase_animation_asset.py	untracked	resource	11055	DFE3639C3FEB4ACDE5101ABCD62364FB7262309C6DC249EE6A5AC1F8A3FD82C7
test-assets/skinned/expected.json	tracked	resource	478	C5CC3A5E3C771A0B72D9AB24207A43023B5A66DCFC7112C8A04C20A44CEFAC6F
test-assets/skinned/export-report.json	tracked	resource	4533	42795BF2EA3548E23DD6858EF74565F53F296A2E63B61F1CFD3E3E0F62986C69
test-assets/skinned/golden/sha256.json	tracked	resource	609	418689ADB08A37560A895C39C1C29159441E91DF48B8D89051670B63B58B4560
test-assets/skinned/golden/structure.json	tracked	resource	2379	0491161C6726C1712C2E50DE2013DC6AA59AEC5C38979AE7B78620E3B84533DC
test-assets/skinned/source.blend	tracked	resource	90159	6FF7A9CD92C2506277E0D956B734CDD3443E12A88368F5E1A14E42504B84690B
test-assets/skinned/textures/skinned_surface.png	tracked	resource	258	F897760BD5211BECECA9D5EE48046856D53B1726663C9ED4D85688FAFE26DFB8
test-assets/static/expected.json	tracked	resource	678	852E38C5EB85914A3AA4457071168345A99ED0AF2124B6CC03B21B2928F69803
test-assets/static/export-report.json	tracked	resource	3467	34D0245664A27230177A186CBAC2EA85C8176EF8EF4E8B9895F16453995F784E
test-assets/static/golden/sha256.json	tracked	resource	608	3A4EE4FF15FC2AC35A6A3BEB0C7036CB7B8F230917EA161C85C0FAFDD9E08BB4
test-assets/static/golden/structure.json	tracked	resource	1497	B196BFB01DA74D198F0EAA718D07F72726D84AE86D630DFB94B3DB2351DCF14C
test-assets/static/source.blend	tracked	resource	89387	2FDB932168A8ED3AF41E7D05614DA63EE86947F6DB6AA771B8BD653877F71106
test-assets/static/textures/static_surface.png	tracked	resource	258	EB52D4F6B65D824104C51DFB2F754E12521D273FDB516FDDDD452C7331B59429
test-assets/third_party/khronos/glTF-Sample-Assets/5109ab2a499c5a2c784b86e460fa491d52256e25/DERIVATION-MANIFEST.json	untracked	resource	5844	35F63815A9487BC3C4FD08D107CC708A5898AD38D91577C83423379AAABB96AB
test-assets/third_party/khronos/glTF-Sample-Assets/5109ab2a499c5a2c784b86e460fa491d52256e25/derive_khronos_v1.py	untracked	resource	18820	A8FBFA6F7F139162DB3EE53B56D20289C8C408B07FE96938DB6CEA9B8EDAA3AF
test-assets/third_party/khronos/glTF-Sample-Assets/5109ab2a499c5a2c784b86e460fa491d52256e25/derived/AnimatedCube/animated-cube-derived.glb	untracked	resource	2560	E859824719696211E7464745710754336C8082436F0BBFF127F238213AF5D7F4
test-assets/third_party/khronos/glTF-Sample-Assets/5109ab2a499c5a2c784b86e460fa491d52256e25/derived/AnimatedCube/animated-cube-derived.json	untracked	resource	392	C51B5E84904A9FC92D3587254D2BBD7DBBB12AF6735E63842ADB446242AE9EBA
test-assets/third_party/khronos/glTF-Sample-Assets/5109ab2a499c5a2c784b86e460fa491d52256e25/derived/SimpleSkin/simple-skin-derived.glb	untracked	resource	2808	4F0AD06E0BEA0307E5E4BEABA2D898C0C8ED65D49842292893D39C401047BFE2
test-assets/third_party/khronos/glTF-Sample-Assets/5109ab2a499c5a2c784b86e460fa491d52256e25/derived/SimpleSkin/simple-skin-derived.json	untracked	resource	388	F50F28D501CB03E7490356BDE249FA5433A0F221BD6580AF4B7EE273CDE2BE13
test-assets/third_party/khronos/glTF-Sample-Assets/5109ab2a499c5a2c784b86e460fa491d52256e25/derived/textures/khronos/animated-cube-derived.png	untracked	resource	68	36C907715B80D7CDAD0E196256966A3353B771387AEFB1116D8769DACC81B675
test-assets/third_party/khronos/glTF-Sample-Assets/5109ab2a499c5a2c784b86e460fa491d52256e25/derived/textures/khronos/simple-skin-derived.png	untracked	resource	68	36C907715B80D7CDAD0E196256966A3353B771387AEFB1116D8769DACC81B675
test-assets/third_party/khronos/glTF-Sample-Assets/5109ab2a499c5a2c784b86e460fa491d52256e25/PROVENANCE.md	untracked	resource	4841	591B02B3CBFBE3C2252E30C705EDC606D00DAB7B0FC6DAD88E87A3D7DDD50E74
test-assets/third_party/khronos/glTF-Sample-Assets/5109ab2a499c5a2c784b86e460fa491d52256e25/raw/AnimatedCube/glTF/AnimatedCube.bin	untracked	resource	1860	82DE770FC82B48A77A33BB26ABD4D7E75620491B36DDF98E8DCA69FA73DD798C
test-assets/third_party/khronos/glTF-Sample-Assets/5109ab2a499c5a2c784b86e460fa491d52256e25/raw/AnimatedCube/glTF/AnimatedCube.gltf	untracked	resource	4991	59A3C451A5167B8AC4B59D61D4B94B2B7A215EE827EFAED75629677A1217B552
test-assets/third_party/khronos/glTF-Sample-Assets/5109ab2a499c5a2c784b86e460fa491d52256e25/raw/SimpleSkin/glTF/SimpleSkin_animation.bin	untracked	resource	240	FF21B1BC3D0ABBE53F7665060EC6C22D873B6E85A7669171A2B6B8AE01C39347
test-assets/third_party/khronos/glTF-Sample-Assets/5109ab2a499c5a2c784b86e460fa491d52256e25/raw/SimpleSkin/glTF/SimpleSkin_geometry.bin	untracked	resource	168	35F0CA6BC07976C0AADC163D4737758989CFCC9870A99800004C4478FE698B63
test-assets/third_party/khronos/glTF-Sample-Assets/5109ab2a499c5a2c784b86e460fa491d52256e25/raw/SimpleSkin/glTF/SimpleSkin_inverseBindMatrices.bin	untracked	resource	128	5844AB221CD2AD367420A248F6387B46E5F8498604427730A37EE96B4D4EC599
test-assets/third_party/khronos/glTF-Sample-Assets/5109ab2a499c5a2c784b86e460fa491d52256e25/raw/SimpleSkin/glTF/SimpleSkin_skinningData.bin	untracked	resource	320	413BC8A8C0DA673DF767874E6F05F0B00C9261756A08586B9D555BD5535414B5
test-assets/third_party/khronos/glTF-Sample-Assets/5109ab2a499c5a2c784b86e460fa491d52256e25/raw/SimpleSkin/glTF/SimpleSkin.gltf	untracked	resource	2386	8D92E9888340EB98E82A65A1F8B037D9A1D9F09E5FD0B6BA6D40FD93700B3239
